CASENUM,hsgpa,SUPER V,SUPER M,Superset,STEMINDEX,NONSTEM INDEX,AL,FAR,SEX,ETHNIC,ACPROG1,termhrs,Math Tier,CRS1 ,CRS1 name,c1 grade,gradeN,C2 ID,C2 Name,C2 Grade,grade2N,1TG Bla,1TG zer,1T GD b,1T GD z,ACPROG2,Change,C F STEM,C T STEM,STEM1,CUMHRS2,CG Bla,CG 0,FG D b,FG D z,RATE,RATE.WSD
2,3.86,650,650,1240,4206,4328,4,1,1,5,BSAE,16,4,241,Calculus & Analytical Geom I,B,3,,,,,3.231,3.231,0.629,0.629,BSAE,0,0,0,1,127,3.394,3.394,0.466,0.466,G,G
29,3.69,520,780,1300,4294,4252,2,1,2,4,BSAE,16,4,241,Calculus & Analytical Geom I,A,4,,,,,3,3,0.69,0.69,NDENG,1,0,0,1,68,2.188,2.188,1.502,1.502,N,S
71,2.8,600,500,1100,3280,3340,0,0,2,7,BSAE,16,5,241,Calculus & Analytical Geom I,W,0,142,Trigonometry, ,0, ,0,,2.8,BSAE,0,0,0,1,18,3.833,3.833,-1.033,-1.033,N,W
92,3.7,520,520,1030,3770,3990,3,1,1,7,NDCOE,16,4,241,Calculus & Analytical Geom I,B,3,,,,,3.563,3.563,0.137,0.137,BSHFP,1,1,0,1,88,3.132,3.132,0.568,0.568,G,G
126,2.5,520,460,980,2940,2980,2,1,2,5,BSAE,15,4,140,College Algebra,AU,0,142,Trigonometry,D,1,2.417,2.417,0.083,0.083,BSHFP,1,1,0,1,115,2.282,2.282,0.218,0.218,G,G
152,3.59,490,490,920,3564,3792,0,0,1,2,BSAE,16,4,241,Calculus & Analytical Geom I,C,2,,,,,2.813,2.813,0.777,0.777,BSAE,1,0,0,1,130,2.897,2.897,0.693,0.693,G,G
165,3.93,640,640,1210,4208,4354,4,1,2,2,BSAE,16,4,241,Calculus & Analytical Geom I,A,4,,,,,3.625,3.625,0.305,0.305,BSAE,0,0,0,1,116,3.248,3.248,0.682,0.682,G,G
189,3,590,520,1110,3430,3510,3,1,2,3,BSSE,15,4,140,College Algebra,C,2,142,Trigonometry,C,2,2.8,2.8,0.2,0.2,BSCE,0,0,0,1,186,2.93,2.93,0.07,0.07,G,G
235,3.24,470,420,890,3254,3482,0,0,2,5,BSAE,12,1,6,Intermediate Algebra,C,2,,,,,1.583,1.583,1.657,1.657,BSAE,0,0,0,1,9,1.583,1.583,1.657,1.657,N,S
260,3.8,590,640,1170,4090,4210,0,0,2,7,BSAE,16,4,241,Calculus & Analytical Geom I,A,4,,,,,3.625,3.625,0.175,0.175,BSAE,1,0,0,1,123,2.87,2.87,0.93,0.93,G,G
281,3.81,560,580,1140,4006,4188,3,1,2,7,BSAE,17,4,241,Calculus & Analytical Geom I,B,3,,,,,3.286,3.286,0.524,0.524,BSAS,0,1,0,1,106,3.717,3.717,0.093,0.093,G,G
290,3,530,510,1040,3350,3440,0,0,2,7,BSAE,15,4,140,College Algebra,C,2,142,Trigonometry,B,3,2.933,2.933,0.067,0.067,BSGSIS,0,1,0,1,41,2.683,2.683,0.317,0.317,N,W
301,3,610,610,1190,3600,3590,1,0,2,7,BSAMET,15,2,112,College Math for Aviation II,B,3,,,,,2.4,2.4,0.6,0.6,BSAMET,0,0,0,1,60,2.048,2.048,0.952,0.952,N,W
313,3.65,620,680,1280,4150,4200,0,0,2,9,BSAE,16,4,241,Calculus & Analytical Geom I,A,4,,,,,3.625,3.625,0.025,0.025,BSAE,0,0,0,1,117,3.282,3.282,0.368,0.368,G,G
332,3.79,580,580,1120,3974,4152,4,1,2,5,BSCE,15,4,242,Calculus & Analytical Geom II,A,4,,,,,3.2,3.2,0.59,0.59,BSCE,1,0,0,1,95,3.662,3.662,0.128,0.128,G,G
379,3.57,660,620,1280,4042,4136,4,1,2,7,BSAE,16,4,241,Calculus & Analytical Geom I,A,4,,,,,3.125,3.125,0.445,0.445,BSAE,1,0,0,1,16,3.125,3.125,0.445,0.445,N,W
381,3.5,730,730,1250,4080,4050,2,1,2,4,BSAE,16,4,241,Calculus & Analytical Geom I,A,4,,,,,3.813,3.813,-0.313,-0.313,BSAE,1,0,0,1,126,3.492,3.492,0.008,0.008,G,G
411,3.9,620,620,1220,4180,4340,4,1,2,7,BSSP,16,4,241,Calculus & Analytical Geom I,C,2,,,,,2.5,2.5,1.4,1.4,BSSP,0,0,0,1,19,1.433,1.433,2.467,2.467,N,W
418,2.48,460,460,880,2828,2864,2,1,1,7,BSAE,13,1,6,Intermediate Algebra,C,2,,,,,3.077,3.077,-0.597,-0.597,BSAE,0,0,0,1,22,2.071,2.071,0.409,0.409,N,S
463,3.94,670,680,1350,4394,4502,0,0,1,7,BSAE,17,4,241,Calculus & Analytical Geom I,A,4,,,,,3.786,3.786,0.154,0.154,BSCIV,1,0,0,1,130,3.858,3.858,0.082,0.082,G,G
465,2.8,450,440,890,3010,3130,2,1,1,2,BSAE,17,4,140,College Algebra,D,1,142,Trigonometry,C,2,1.882,1.882,0.918,0.918,BSAE,0,0,0,1,0, ,0,,2.8,N,W
531,3.57,510,510,1020,3672,3876,4,1,1,5,BSAE,17,4,241,Calculus & Analytical Geom I,F,0,,,,,0.941,0.941,2.629,2.629,BSAE,0,0,0,1,10,0.941,0.941,2.629,2.629,N,S
581,3.3,550,550,1100,3630,3740,4,1,2,2,BSAE,17,4,241,Calculus & Analytical Geom I,D,1,,,,,2.143,2.143,1.157,1.157,BSHFP,0,1,0,1,123,3.48,3.48,-0.18,-0.18,G,G
586,3.35,610,580,1190,3780,3870,4,1,2,7,BSAE,15,1,6,Intermediate Algebra,C,2,,,,,1.067,1.067,2.283,2.283,BSAE,1,0,0,1,6,1.067,1.067,2.283,2.283,N,S
592,3.56,560,560,1050,3746,3898,3,1,1,7,BSSP,16,4,241,Calculus & Analytical Geom I,D,1,,,,,2.5,2.5,1.06,1.06,BSHFP,0,1,0,1,118,2.509,2.509,1.051,1.051,N,W
604,3,460,460,880,3140,3280,2,1,2,2,BSAE,14,4,241,Calculus & Analytical Geom I,D,1,,,,,2.071,2.071,0.929,0.929,BSME,1,0,0,1,23,2.1,2.1,0.9,0.9,N,S
633,3.26,520,540,1060,3556,3668,0,0,2,4,BSAE,15,4,241,Calculus & Analytical Geom I,C,2,,,,,2.917,2.917,0.343,0.343,BSAE,0,0,0,1,134,2.872,2.872,0.388,0.388,G,G
675,3.3,500,500,980,3460,3620,1,0,2,2,BSAE,16,4,140,College Algebra,C,2,142,Trigonometry,C,2,1.5,1.5,1.8,1.8,BSAE,0,0,0,1,9,1.4,1.4,1.9,1.9,N,W
684,3.22,600,570,1170,3672,3746,4,1,1,7,BSME,16,2,112,College Math for Aviation II,D,1,,,,,1.4,1.4,1.82,1.82,BSME,0,0,0,1,5,3,3,0.22,0.22,N,W
686,3.9,460,460,840,3640,3960,0,0,2,2,BSCE,16,3,142,Trigonometry,F,0,,,,,3.563,3.563,0.337,0.337,BSCE,0,0,0,1,16,3.563,3.563,0.337,0.337,N,W
702,3.9,600,590,1190,4120,4310,3,1,1,7,BSAE,16,4,241,Calculus & Analytical Geom I,C,2,,,,,2.25,2.25,1.65,1.65,BSAE,0,0,0,1,44,2.553,2.553,1.347,1.347,N,W
797,3,500,500,900,3200,3300,2,1,2,2,BSAE,13,1,6,Intermediate Algebra,A,4,,,,,2.769,2.769,0.231,0.231,BSAE,1,0,0,1,143,2.33,2.33,0.67,0.67,G,G
805,2.98,450,430,880,3098,3264,4,1,2,2,BSAE,15,4,140,College Algebra,C,2,142,Trigonometry,C,2,1.667,1.667,1.313,1.313,BSAE,0,0,0,1,9,1.667,1.667,1.313,1.313,N,W
809,2.34,490,490,940,2834,2812,4,1,2,5,BSAE,15,4,241,Calculus & Analytical Geom I,D,1,,,,,1.25,1.25,1.09,1.09,BSAE,1,0,0,1,15,1.619,1.619,0.721,0.721,N,S
834,3.3,700,700,1330,4010,3970,4,1,2,5,BSAE,16,4,242,Calculus & Analytical Geom II,B,3,,,,,3.188,3.188,0.112,0.112,BSAE,0,0,0,1,20,3.188,3.188,0.112,0.112,N,W
851,3.45,460,480,930,3480,3690,3,1,2,5,NDCOE,17,4,241,Calculus & Analytical Geom I, ,0,,,,, ,0,,3.45,NDCOE,0,0,0,1,0, ,0,,3.45,N,W
853,3.9,420,500,920,3760,4040,4,1,2,7,BSAE,16,4,241,Calculus & Analytical Geom I, ,0,,,,, ,0,,3.9,BSAE,0,0,0,1,6, ,0,,3.9,N,W
883,3.37,680,680,1330,4032,4026,1,0,2,7,BSAE,16,4,241,Calculus & Analytical Geom I,B,3,,,,,2.438,2.438,0.932,0.932,BSAE,1,0,0,1,44,2.058,2.058,1.312,1.312,N,S
896,1.7,610,610,1130,2760,2490,4,1,2,9,BSAE,17,4,241,Calculus & Analytical Geom I,A,4,,,,,2.882,2.882,-1.182,-1.182,BSAE,0,0,0,1,115,2.43,2.43,-0.73,-0.73,G,G
943,2.3,460,460,820,2660,2660,0,0,2,5,BSAE,16,1,6,Intermediate Algebra, ,0,,,,, ,0,,2.3,BSAE,0,0,0,1,0, ,0,,2.3,N,W
522,3.87,540,540,1080,3942,4176,4,1,2,7,BSAE,16,4,241,Calculus & Analytical Geom I,B,3,,,,,3.563,3.563,0.307,0.307,BSAE,0,0,0,1,132,2.958,2.958,0.912,0.912,G,G
99,3.95,720,720,1440,4530,4600,0,0,2,7,BSAE,16,4,242,Calculus & Analytical Geom II,A,4,,,,,4,4,-0.05,-0.05,BSAE,0,0,0,1,133,2.963,2.963,0.987,0.987,G,G
327,2.93,590,590,1090,3438,3434,3,1,2,7,BSAE,15,4,140,College Algebra,B,3,142,Trigonometry,C,2,2.2,2.2,0.73,0.73,BSAE,0,0,0,1,123,2.748,2.748,0.182,0.182,G,G
891,3,510,460,970,3230,3370,1,0,2,5,BSAE,16,4,241,Calculus & Analytical Geom I,C,2,,,,,2.2,2.2,0.8,0.8,BSAE,1,0,0,1,10,2.2,2.2,0.8,0.8,N,S
359,3.38,760,760,1500,4288,4204,4,1,2,7,BSAE,16,4,242,Calculus & Analytical Geom II,D,1,,,,,2,2,1.38,1.38,BSAE,0,0,0,1,0, ,0,,3.38,N,W
835,3.72,710,710,1340,4282,4316,2,1,2,7,BSAE,17,4,241,Calculus & Analytical Geom I,F,0,,,,,1.571,1.571,2.149,2.149,BSAE,0,0,0,1,0, ,0,,3.72,N,W
922,4,540,680,1220,4300,4420,4,1,2,7,BSAE,14,4,242,Calculus & Analytical Geom II,A,4,,,,,4,4,0,0,BSAE,0,0,0,1,124,3.91,3.91,0.09,0.09,G,G
449,3.36,510,440,950,3406,3638,0,0,1,2,BSAE,17,4,241,Calculus & Analytical Geom I,F,0,,,,,0.643,0.643,2.717,2.717,BSASP,1,1,0,1,4,0.643,0.643,2.717,2.717,N,S
307,3.15,630,580,1210,3680,3730,4,1,1,7,BSAE,16,4,241,Calculus & Analytical Geom I,C,2,,,,,2.125,2.125,1.025,1.025,BSCE,0,0,0,1,25,1.344,1.344,1.806,1.806,N,S
41,3.47,520,520,1030,3632,3806,4,1,2,7,BSAE,16,1,6,Intermediate Algebra,B,3,,,,,3.067,3.067,0.403,0.403,BSAS,1,1,0,1,33,3.148,3.148,0.322,0.322,N,W
103,3.5,520,720,1240,4060,4040,2,1,2,7,BSAE,16,4,242,Calculus & Analytical Geom II,B,3,,,,,2.813,2.813,0.687,0.687,BSAE,1,0,0,1,140,2.831,2.831,0.669,0.669,G,G
249,2.19,720,720,1260,3294,3012,3,1,2,2,BSAE,17,4,241,Calculus & Analytical Geom I,B,3,,,,,1.643,1.643,0.547,0.547,BSAE,0,0,0,1,10,1.643,1.643,0.547,0.547,N,S
748,3.75,650,650,1210,4110,4210,3,1,2,5,BSAE,16,4,241,Calculus & Analytical Geom I,A,4,,,,,3.688,3.688,0.062,0.062,BSAE,1,0,0,1,123,2.725,2.725,1.025,1.025,G,G
256,4,700,640,1340,4380,4540,3,1,1,7,BSAE,16,4,243,Calculus & Analytical Geom III,A,4,,,,,3.625,3.625,0.375,0.375,BSAE,1,0,0,1,120,3.591,3.591,0.409,0.409,G,G
767,3.28,450,580,1030,3578,3654,3,1,2,7,BSAE,16,4,241,Calculus & Analytical Geom I,D,1,,,,,1.938,1.938,1.342,1.342,BSCIV,1,0,0,1,125,2.708,2.708,0.572,0.572,G,G
94,3,450,390,840,3030,3240,0,0,1,2,BSAE,16,1,6,Intermediate Algebra,F,0,,,,,1.5,1.5,1.5,1.5,BSAE,0,0,0,1,58,1.878,1.878,1.122,1.122,N,S
134,2.81,570,570,1060,3316,3308,0,0,2,7,BSME,16,4,241,Calculus & Analytical Geom I,D,1,,,,,1.538,1.538,1.272,1.272,BSME,1,0,0,1,18,1.538,1.538,1.272,1.272,N,S
448,3.86,610,620,1140,4076,4228,4,1,2,2,BSAE,16,4,241,Calculus & Analytical Geom I,A,4,,,,,3.438,3.438,0.422,0.422,BSAE,0,0,0,1,117,2.919,2.919,0.941,0.941,G,G
733,2.89,650,650,1070,3454,3382,0,0,2,7,BSAE,16,4,241,Calculus & Analytical Geom I,B,3,,,,,2.875,2.875,0.015,0.015,BSAE,1,0,0,1,123,3.05,3.05,-0.16,-0.16,G,G
84,3.02,620,620,1180,3612,3596,4,1,2,7,BSAE,17,4,140,College Algebra,D,1,142,Trigonometry,D,1,1.429,1.429,1.591,1.591,BSAE,0,0,0,1,0, ,0,,3.02,N,W
35,3.84,730,630,1360,4294,4432,4,1,2,3,BSAE,15,4,241,Calculus & Analytical Geom I,A,4,,,,,3.714,3.714,0.126,0.126,BSSP,1,0,0,1,167,3.61,3.61,0.23,0.23,G,G
926,3.2,470,470,850,3240,3410,3,1,1,5,BSCE,17,4,241,Calculus & Analytical Geom I,F,0,,,,,1.143,1.143,2.057,2.057,BSCE,0,0,0,1,25,1.92,1.92,1.28,1.28,N,S
649,3.76,650,650,1170,4076,4178,0,0,2,7,BSAE,17,4,241,Calculus & Analytical Geom I,A,4,,,,,3.647,3.647,0.113,0.113,BSAE,0,0,0,1,24,3.647,3.647,0.113,0.113,N,W
55,3.7,490,490,910,3620,3870,3,1,2,2,BSAE,15,4,241,Calculus & Analytical Geom I,A,4,,,,,3.417,3.417,0.283,0.283,BSAE,1,0,0,1,63,2.905,2.905,0.795,0.795,N,W
685,2.95,570,570,1140,3480,3500,0,0,2,7,BSME,15,3,140,College Algebra,F,0,,,,,0.438,0.438,2.512,2.512,BSME,1,0,0,1,0, ,0,,2.95,N,W
618,2.9,610,610,1100,3450,3420,0,0,2,9,BSAE,16,4,241,Calculus & Analytical Geom I,D,1,,,,,1.615,1.615,1.285,1.285,BSBA,0,1,0,1,10,1.2,1.2,1.7,1.7,N,W
338,3.89,720,640,1360,4334,4472,2,1,2,7,BSCE,17,4,241,Calculus & Analytical Geom I,A,4,,,,,3.118,3.118,0.772,0.772,BSCE,0,0,0,1,72,3.117,3.117,0.773,0.773,N,W
705,3.01,570,570,1030,3406,3438,1,0,2,2,BSAE,15,4,140,College Algebra,B,3,142,Trigonometry,C,2,2.4,2.4,0.61,0.61,BSHFP,0,1,0,1,115,2.56,2.56,0.45,0.45,G,G
847,3.7,640,640,1260,4120,4220,1,0,2,4,BSAE,17,4,241,Calculus & Analytical Geom I,AU,0,,,,,1.308,1.308,2.392,2.392,BSAE,0,0,0,1,66,1.76,1.76,1.94,1.94,N,S
257,3.8,580,580,1160,4020,4200,1,1,2,7,BSAE,16,4,241,Calculus & Analytical Geom I,C,2,,,,,2.938,2.938,0.862,0.862,BSSS,1,1,0,1,127,3.729,3.729,0.071,0.071,G,G
162,3.3,520,520,960,3460,3600,0,0,2,2,BSAE,15,4,241,Calculus & Analytical Geom I,C,2,,,,,2.2,2.2,1.1,1.1,BSHS,0,1,0,1,113,2.864,2.864,0.436,0.436,G,G
620,3.21,700,580,1280,3786,3848,2,1,2,7,BSAE,16,4,241,Calculus & Analytical Geom I,C,2,,,,,2.188,2.188,1.022,1.022,BSAE,0,0,0,1,30,2.188,2.188,1.022,1.022,N,W
391,2.51,320,440,760,2706,2768,4,1,2,4,BSAEL,13,1,6,Intermediate Algebra,C,2,,,,,1.615,1.615,0.895,0.895,BSEE,1,0,0,1,149,1.97,1.97,0.54,0.54,G,G
46,3.83,770,720,1490,4508,4554,0,0,1,9,BSAE,17,5,345,Differential Eq & Matrix Meth,B,3,,,,,3.588,3.588,0.242,0.242,BSAE,0,0,0,1,142,3.356,3.356,0.474,0.474,G,G
263,3.41,780,780,1410,4236,4138,0,0,2,7,BSAE,16,4,243,Calculus & Analytical Geom III,B,3,,,,,3.188,3.188,0.222,0.222,BSAE,1,0,0,1,45,3.318,3.318,0.092,0.092,N,W
317,3.46,570,580,1150,3806,3918,0,0,1,7,BSAE,13,4,241,Calculus & Analytical Geom I,B,3,,,,,2.462,2.462,0.998,0.998,BSAE,0,0,0,1,0, ,0,,3.46,N,W
368,3,660,660,1110,3570,3510,2,1,2,7,BSAE,15,4,243,Calculus & Analytical Geom III,D,1,,,,,2.333,2.333,0.667,0.667,BSAE,0,0,0,1,0, ,0,,3,N,W
820,2.48,630,630,1120,3238,3104,4,1,2,7,BSAE,15,4,140,College Algebra,A,4,142,Trigonometry,A,4,3.8,3.8,-1.32,-1.32,BSAE,0,0,0,1,130,2.927,2.927,-0.447,-0.447,G,G
801,3.35,590,590,1150,3750,3830,0,0,2,7,BSCE,17,4,241,Calculus & Analytical Geom I,C,2,,,,,1.571,1.571,1.779,1.779,BSCS,0,0,0,1,8,1.571,1.571,1.779,1.779,N,W
519,3.86,590,590,1140,4046,4228,4,1,2,7,BSAE,15,4,242,Calculus & Analytical Geom II,B,3,,,,,3.2,3.2,0.66,0.66,BSAE,0,0,0,1,0, ,0,,3.86,N,W
778,2.66,570,570,1080,3246,3208,1,1,1,5,BSAE,14,4,241,Calculus & Analytical Geom I,C,2,,,,,2.571,2.571,0.089,0.089,BSEE,1,0,0,1,153,2.971,2.971,-0.311,-0.311,G,G
626,3.4,640,560,1200,3800,3920,4,1,2,7,BSAE,17,4,241,Calculus & Analytical Geom I,B,3,,,,,2.941,2.941,0.459,0.459,BSCE,0,0,0,1,128,3.322,3.322,0.078,0.078,G,G
442,3.91,730,730,1250,4326,4378,4,1,2,7,BSAE,16,4,242,Calculus & Analytical Geom II,A,4,,,,,3.5,3.5,0.41,0.41,BSAE,0,0,0,1,129,3.233,3.233,0.677,0.677,G,G
598,3.48,640,640,1200,3928,3984,1,0,2,7,BSAE,16,4,242,Calculus & Analytical Geom II,A,4,,,,,3.813,3.813,-0.333,-0.333,BSAE,0,0,0,1,114,3.518,3.518,-0.038,-0.038,G,G
578,3.42,610,610,1190,3852,3926,1,1,2,7,BSAE,15,4,241,Calculus & Analytical Geom I,D,1,,,,,2.583,2.583,0.837,0.837,BSBA,0,1,0,1,126,2.957,2.957,0.463,0.463,G,G
668,3.7,630,630,1150,4000,4110,0,0,1,7,BSSP,16,4,242,Calculus & Analytical Geom II,B,3,,,,,3.583,3.583,0.117,0.117,BSSP,0,0,0,1,111,3.233,3.233,0.467,0.467,G,G
518,3.38,550,550,1090,3668,3794,1,1,2,2,BSAE,16,4,241,Calculus & Analytical Geom I,B,3,,,,,3,3,0.38,0.38,BSAE,0,0,0,1,119,2.849,2.849,0.531,0.531,G,G
629,3.82,720,680,1400,4372,4456,4,1,1,7,BSAE,16,4,243,Calculus & Analytical Geom III,B,3,,,,,3.375,3.375,0.445,0.445,BSAE,0,0,0,1,141,3.109,3.109,0.711,0.711,G,G
639,3.6,520,520,890,3570,3770,3,1,2,5,BSAE,16,4,241,Calculus & Analytical Geom I, ,0,,,,, ,0,,3.6,BSAE,0,0,0,1,20,2.45,2.45,1.15,1.15,N,W
32,3.01,390,390,780,2976,3188,2,1,2,5,BSAE,16,4,241,Calculus & Analytical Geom I,C,2,,,,,2.692,2.692,0.318,0.318,NDGRU,1,1,0,1,129,2.661,2.661,0.349,0.349,G,G
938,3.7,670,630,1300,4150,4260,2,1,2,7,BSAE,16,4,142,Trigonometry,C,2,241,Calculus & Analytical Geom I,F,0,1.688,1.688,2.012,2.012,BSAE,1,0,0,1,9,1.688,1.688,2.012,2.012,N,W
779,3.6,600,580,1180,3920,4060,3,1,2,7,BSEE,17,4,241,Calculus & Analytical Geom I,A,4,,,,,2.941,2.941,0.659,0.659,BSEE,1,0,0,1,20,2.941,2.941,0.659,0.659,N,W
930,3.74,370,370,690,3304,3682,1,0,2,2,BSME,17,,,,,,,,,, ,0,,3.74,BSME,0,0,0,1,0, ,0,,3.74,N,W
918,3.98,720,600,1320,4308,4504,4,1,1,7,BSAE,16,4,241,Calculus & Analytical Geom I,B,3,,,,,2.813,2.813,1.167,1.167,BSAMET,1,0,0,1,44,3.025,3.025,0.955,0.955,N,W
727,3.61,770,740,1510,4416,4398,1,0,2,7,BSAE,17,4,242,Calculus & Analytical Geom II,C,2,,,,,3.286,3.286,0.324,0.324,BSHS,1,1,0,1,128,3.236,3.236,0.374,0.374,G,G
121,3.95,580,700,1280,4350,4440,4,1,2,7,BSAE,16,3,140,College Algebra,B,3,,,,,3.375,3.375,0.575,0.575,BSAE,0,0,0,1,123,3.394,3.394,0.556,0.556,G,G
70,3.74,510,540,1050,3834,4042,4,1,2,7,BSAMET,16,2,111,College Math for Aviation I,C,2,,,,,3.25,3.25,0.49,0.49,BSAMET,0,0,0,1,16,3.25,3.25,0.49,0.49,N,W
529,3.05,620,620,1240,3690,3680,0,0,2,7,BSAE,17,4,241,Calculus & Analytical Geom I,B,3,,,,,3.412,3.412,-0.362,-0.362,BSAE,1,0,0,1,134,3.291,3.291,-0.241,-0.241,G,G
22,3.95,580,580,1160,4110,4320,0,0,2,7,NDCOE,16,4,241,Calculus & Analytical Geom I,W,0,,,,,3.5,3.5,0.45,0.45,NDCOE,0,0,0,1,0, ,0,,3.95,N,W
353,3.21,560,500,1060,3486,3628,3,1,2,7,BSAMET,15,4,241,Calculus & Analytical Geom I,F,0,,,,,2.267,2.267,0.943,0.943,BSAMET,1,0,0,1,21,2.071,2.071,1.139,1.139,N,W
499,3.48,540,500,1040,3628,3824,1,0,1,9,BSCE,15,1,6,Intermediate Algebra,A,4,,,,,3.25,3.25,0.23,0.23,BSCE,0,0,0,1,12,3.25,3.25,0.23,0.23,N,W
124,4,700,600,1300,4300,4500,3,1,1,7,BSME,15,4,140,College Algebra,A,4,142,Trigonometry,A,4,3.8,3.8,0.2,0.2,BSME,1,0,0,1,48,3,3,1,1,N,W
255,3.07,460,460,880,3182,3336,3,1,2,2,BSAE,15,1,6,Intermediate Algebra,C,2,,,,,2.467,2.467,0.603,0.603,BSME,0,0,0,1,149,2.31,2.31,0.76,0.76,G,G
651,2.6,430,410,840,2810,2920,3,1,1,7,BSAMET,14,,,,,,,,,, ,0,,2.6,BSAMET,0,0,0,1,0, ,0,,2.6,N,W
545,3.532,560,560,1080,3759.2,3905.6,0,0,2,7,BSAE,14,,,,,,,,,, ,0,,3.532,BSAE,0,0,0,1,0, ,0,,3.532,N,W
357,3.67,550,550,950,3702,3886,4,1,2,4,BSAE,17,4,242,Calculus & Analytical Geom II,B,3,,,,,2.706,2.706,0.964,0.964,BSAE,0,0,0,1,121,2.482,2.482,1.188,1.188,G,G
114,3.9,760,670,1430,4440,4550,0,0,2,7,BSAE,16,2,111,College Math for Aviation I,A,4,,,,,3.313,3.313,0.587,0.587,BSAE,0,0,0,1,143,3.457,3.457,0.443,0.443,G,G
159,3.86,680,680,1310,4306,4398,4,1,2,2,BSAE,16,4,241,Calculus & Analytical Geom I,A,4,,,,,4,4,-0.14,-0.14,BSHFP,1,1,0,1,160,3.512,3.512,0.348,0.348,G,G
392,4,590,590,1120,4110,4320,4,1,2,7,BSAE,16,4,242,Calculus & Analytical Geom II,B,3,,,,,3,3,1,1,BSAE,1,0,0,1,120,2.944,2.944,1.056,1.056,G,G
44,3.13,510,580,1090,3548,3594,3,1,2,7,BSSE,15,4,140,College Algebra,D,1,142,Trigonometry,D,1,1.533,1.533,1.597,1.597,BSSE,0,0,0,1,15,1.533,1.533,1.597,1.597,N,S
628,3.3,660,560,1220,3760,3860,3,1,1,7,BSAE,14,4,241,Calculus & Analytical Geom I,D,1,,,,,2.154,2.154,1.146,1.146,BSHFP,0,1,0,1,40,2.818,2.818,0.482,0.482,N,W
176,3,520,490,1010,3300,3410,4,1,2,7,BSAE,16,4,241,Calculus & Analytical Geom I,F,0,,,,,0.625,0.625,2.375,2.375,BSAE,1,0,0,1,3,0.769,0.769,2.231,2.231,N,S
243,2.95,470,460,930,3160,3290,4,1,2,5,BSAE,14,4,241,Calculus & Analytical Geom I,F,0,,,,,1.286,1.286,1.664,1.664,BSATM,0,1,0,1,7,1.286,1.286,1.664,1.664,N,W
39,3.9,780,780,1550,4670,4670,1,0,2,7,BSAE,14,5,345,Differential Eq & Matrix Meth,B,3,,,,,3.357,3.357,0.543,0.543,BSME,1,0,0,1,157,3.419,3.419,0.481,0.481,G,G
515,2.9,490,560,1050,3350,3370,4,1,2,7,BSAE,15,3,140,College Algebra,F,0,,,,,0.417,0.417,2.483,2.483,BSHS,0,1,0,1,3,0.417,0.417,2.483,2.483,N,S
441,3.25,670,650,1320,3920,3920,1,1,2,2,BSAE,14,4,241,Calculus & Analytical Geom I,A,4,,,,,2.929,2.929,0.321,0.321,BSME,0,0,0,1,124,2.723,2.723,0.527,0.527,G,G
889,3.01,610,610,1120,3536,3528,0,0,2,7,BSAE,17,4,241,Calculus & Analytical Geom I,D,1,,,,,1.643,1.643,1.367,1.367,BSA,0,1,0,1,112,2.441,2.441,0.569,0.569,G,G
197,3.68,670,670,1270,4148,4214,3,1,2,7,BSAE,16,4,241,Calculus & Analytical Geom I,A,4,,,,,3.813,3.813,-0.133,-0.133,BSAE,1,0,0,1,127,3.241,3.241,0.439,0.439,G,G
765,3,570,570,1090,3460,3490,3,1,2,7,BSCIV,16,4,242,Calculus & Analytical Geom II,B,3,,,,,2.875,2.875,0.125,0.125,BSCIV,1,0,0,1,29,2.875,2.875,0.125,0.125,N,W
613,3.01,650,680,1150,3636,3558,0,0,2,7,BSAE,16,4,241,Calculus & Analytical Geom I,A,4,,,,,3.125,3.125,-0.115,-0.115,BSAE,0,0,0,1,77,2.766,2.766,0.244,0.244,N,W
272,2.81,620,620,1090,3396,3338,0,0,2,7,BSAE,16,4,241,Calculus & Analytical Geom I,D,1,,,,,2.313,2.313,0.497,0.497,BSAE,0,0,0,1,123,2.919,2.919,-0.109,-0.109,G,G
274,3.83,610,740,1300,4338,4364,0,0,2,5,BSAE,16,4,241,Calculus & Analytical Geom I,B,3,,,,,2.846,2.846,0.984,0.984,BSAE,0,0,0,1,34,2.846,2.846,0.984,0.984,N,W
98,3.7,700,700,1390,4310,4350,3,1,2,7,BSCE,14,4,243,Calculus & Analytical Geom III,C,2,,,,,3,3,0.7,0.7,BSCE,0,0,0,1,128,2,2,1.7,1.7,G,G
956,2.89,560,560,1110,3404,3422,2,1,2,7,BSEE,17,4,241,Calculus & Analytical Geom I,B,3,,,,,2.286,2.286,0.604,0.604,BSEE,0,0,0,1,32,2.361,2.361,0.529,0.529,N,S
894,3.8,700,700,1300,4280,4340,0,0,2,7,BSAE,16,4,242,Calculus & Analytical Geom II,B,3,,,,,2.5,2.5,1.3,1.3,BSAE,0,0,0,1,126,3.033,3.033,0.767,0.767,G,G
329,3.3,630,620,1250,3850,3890,3,1,2,7,BSAE,14,4,241,Calculus & Analytical Geom I,AU,0,,,,,2.8,2.8,0.5,0.5,BSME,0,0,0,1,58,2.918,2.918,0.382,0.382,N,W
64,3.63,670,620,1290,4088,4194,4,1,2,7,NDCOE,16,4,243,Calculus & Analytical Geom III,B,3,,,,,3,3,0.63,0.63,BSAE,1,0,0,1,122,3.079,3.079,0.551,0.551,N,W
731,3.28,620,600,1220,3788,3844,0,0,2,7,BSAE,16,4,241,Calculus & Analytical Geom I,A,4,,,,,2.813,2.813,0.467,0.467,BSHFP,0,1,0,1,117,2.627,2.627,0.653,0.653,G,G
185,3.15,460,460,920,3270,3440,0,0,2,7,BSCE,17,,,,,,,,,,2.571,2.571,0.579,0.579,BSCSO,0,0,0,1,47,1.64,1.64,1.51,1.51,N,W
924,3.85,620,620,1060,3990,4140,4,1,1,2,BSAE,17,4,241,Calculus & Analytical Geom I,A,4,,,,,3.706,3.706,0.144,0.144,BSHFP,1,1,0,1,127,2.76,2.76,1.09,1.09,G,G
696,3.81,700,700,1220,4206,4268,1,1,2,3,BSAE,16,4,241,Calculus & Analytical Geom I,A,4,,,,,3.077,3.077,0.733,0.733,BSAE,0,0,0,1,16,3.077,3.077,0.733,0.733,N,W
204,3.68,600,620,1220,4048,4164,3,1,2,7,BSAMET,12,4,241,Calculus & Analytical Geom I,D,1,,,,,2.417,2.417,1.263,1.263,BSAMET,0,0,0,1,21,3.095,3.095,0.585,0.585,N,W
476,3.14,470,480,950,3314,3462,4,1,1,7,BSAE,16,4,140,College Algebra,D,1,142,Trigonometry,C,2,2.313,2.313,0.827,0.827,BSAMET,0,0,0,1,121,3.036,3.036,0.104,0.104,G,G
824,3.1,580,490,1070,3420,3550,1,1,1,7,BSSP,15,1,6,Intermediate Algebra,B,3,,,,,2.267,2.267,0.833,0.833,BSBC,1,1,0,1,42,1.735,1.735,1.365,1.365,N,S
755,2.91,550,550,1090,3386,3418,1,0,2,5,BSAE,16,4,241,Calculus & Analytical Geom I,C,2,,,,,2.563,2.563,0.347,0.347,BSAE,0,0,0,1,102,2.922,2.922,-0.012,-0.012,N,W
746,3.7,550,550,1100,3870,4060,3,1,1,7,BSAMET,15,4,241,Calculus & Analytical Geom I,C,2,,,,,3,3,0.7,0.7,BSAMET,0,0,0,1,36,2.4,2.4,1.3,1.3,N,W
31,3.93,700,680,1380,4418,4524,0,0,1,7,BSEP,15,4,243,Calculus & Analytical Geom III,A,4,,,,,3.714,3.714,0.216,0.216,BSCM,1,0,0,1,131,3.469,3.469,0.461,0.461,G,G
299,4,720,620,1340,4360,4540,2,1,2,7,BSAE,16,4,241,Calculus & Analytical Geom I,A,4,,,,,4,4,0,0,BSAE,0,0,0,1,116,3.87,3.87,0.13,0.13,G,G
872,3.37,450,450,870,3342,3566,4,1,2,7,BSAE,17,4,241,Calculus & Analytical Geom I,D,1,,,,,1.6,1.6,1.77,1.77,BSAE,1,0,0,1,22,1.6,1.6,1.77,1.77,N,W
936,3.58,720,720,1370,4238,4234,0,0,2,7,BSAE,17,4,242,Calculus & Analytical Geom II,B,3,,,,,3.176,3.176,0.404,0.404,BSAE,1,0,0,1,127,3.16,3.16,0.42,0.42,G,G
699,3.63,540,600,960,3738,3864,4,1,1,7,BSAE,15,4,241,Calculus & Analytical Geom I,B,3,,,,,3,3,0.63,0.63,BSAE,0,0,0,1,135,2.779,2.779,0.851,0.851,G,G
112,3.4,540,540,930,3510,3650,3,1,2,4,BSAE,17,4,241,Calculus & Analytical Geom I,C,2,,,,,1.706,1.706,1.694,1.694,BSAE,1,0,0,1,136,2.684,2.684,0.716,0.716,G,G
541,3.7,590,590,1110,3920,4070,2,1,2,9,BSEP,15,4,241,Calculus & Analytical Geom I,A,4,,,,,3.6,3.6,0.1,0.1,BSEP,0,0,0,1,114,3.485,3.485,0.215,0.215,G,G
225,3.04,550,600,1140,3564,3572,3,1,2,7,BSAE,15,4,241,Calculus & Analytical Geom I,C,2,,,,,2.6,2.6,0.44,0.44,BSHS,0,1,0,1,59,2.559,2.559,0.481,0.481,N,S
510,2.75,710,710,1400,3760,3600,0,0,2,7,BSAE,16,4,241,Calculus & Analytical Geom I,C,2,,,,,1.154,1.154,1.596,1.596,BSAE,1,0,0,1,10,1.154,1.154,1.596,1.596,N,S
6,3.72,690,690,1270,4192,4246,4,1,2,7,BSME,16,4,242,Calculus & Analytical Geom II,A,4,,,,,3.5,3.5,0.22,0.22,BSME,0,0,0,1,146,2.99,2.99,0.73,0.73,G,G
826,3.5,600,580,1180,3860,3980,2,1,1,7,BSAMET,16,1,6,Intermediate Algebra,B,3,,,,,2.688,2.688,0.812,0.812,BSATM,0,1,0,1,107,3.37,3.37,0.13,0.13,G,G
253,3.35,590,570,1160,3740,3840,4,1,1,2,BSEP,13,4,241,Calculus & Analytical Geom I,F,0,,,,,1.231,1.231,2.119,2.119,BSBA,0,1,0,1,133,2.551,2.551,0.799,0.799,G,G
428,3.57,640,680,1320,4142,4176,0,0,2,7,BSAE,16,4,241,Calculus & Analytical Geom I,C,2,,,,,3.063,3.063,0.507,0.507,BSAE,0,0,0,1,19,3.063,3.063,0.507,0.507,N,W
484,2.71,500,500,860,2986,3028,2,1,2,7,BSAE,15,4,140,College Algebra,F,0,142,Trigonometry,F,0,0.167,0.167,2.543,2.543,BSAE,0,0,0,1,0, ,0,,2.71,N,W
85,3.28,710,710,1300,3978,3924,4,1,2,7,BSAE,16,4,243,Calculus & Analytical Geom III,B,3,,,,,3.188,3.188,0.092,0.092,BSAE,0,0,0,1,69,3.245,3.245,0.035,0.035,N,W
709,3.6,580,550,1130,3840,4010,3,1,2,7,BSAMET,16,1,6,Intermediate Algebra,B,3,,,,,3.563,3.563,0.037,0.037,BSAMET,0,0,0,1,100,2.436,2.436,1.164,1.164,N,W
886,2.97,540,680,1220,3682,3596,4,1,2,7,BSAE,16,,,,,,,,,,0.833,0.833,2.137,2.137,BSAE,0,0,0,1,0, ,0,,2.97,N,W
250,4,610,610,1160,4170,4360,0,0,1,7,BSAE,16,4,241,Calculus & Analytical Geom I,A,4,,,,,3.813,3.813,0.187,0.187,BSAE,0,0,0,1,120,3.6,3.6,0.4,0.4,G,G
540,3,520,540,1050,3390,3450,3,1,1,4,BSAE,16,4,241,Calculus & Analytical Geom I,C,2,,,,,2.563,2.563,0.437,0.437,BSAE,0,0,0,1,116,2.543,2.543,0.457,0.457,G,G
223,3.55,630,630,1170,3930,4010,4,1,2,4,BSAE,16,4,140,College Algebra,B,3,142,Trigonometry,A,4,3.375,3.375,0.175,0.175,BSAMET,0,0,0,1,125,3.192,3.192,0.358,0.358,G,G
348,2.3,430,440,840,2660,2680,0,0,2,5,BSAE,14,2,111,College Math for Aviation I,F,0,,,,,2.5,2.5,-0.2,-0.2,BSATM,0,1,0,1,11,2.5,2.5,-0.2,-0.2,N,W
239,3.86,650,650,1240,4206,4328,4,1,2,7,BSEP,15,4,242,Calculus & Analytical Geom II,B,3,,,,,3.533,3.533,0.327,0.327,BSAE,0,0,0,1,130,3.095,3.095,0.765,0.765,G,G
451,3.95,700,680,1380,4430,4540,4,1,2,7,BSAE,16,4,243,Calculus & Analytical Geom III,A,4,,,,,4,4,-0.05,-0.05,BSAE,1,0,0,1,133,3.842,3.842,0.108,0.108,G,G
425,3.9,480,480,910,3730,4030,1,1,2,7,BSAE,15,4,140,College Algebra,A,4,142,Trigonometry,B,3,3.4,3.4,0.5,0.5,BSAE,0,0,0,1,120,3.271,3.271,0.629,0.629,G,G
781,4,620,640,1260,4300,4460,3,1,1,7,BSAE,13,4,241,Calculus & Analytical Geom I,A,4,,,,,3.385,3.385,0.615,0.615,BSAE,0,0,0,1,124,3.148,3.148,0.852,0.852,G,G
588,3.3,500,500,990,3470,3630,1,0,2,9,BSAE,17,4,241,Calculus & Analytical Geom I,F,0,,,,,1.286,1.286,2.014,2.014,BSEE,1,0,0,1,7,1.286,1.286,2.014,2.014,N,S
462,3.3,610,610,1170,3760,3810,4,1,2,7,BSAE,16,4,241,Calculus & Analytical Geom I,D,1,,,,,1.063,1.063,2.237,2.237,BSEP,0,0,0,1,66,2.318,2.318,0.982,0.982,N,W
756,3.55,650,630,1280,4040,4120,4,1,2,2,BSAE,16,4,241,Calculus & Analytical Geom I,A,4,,,,,3.813,3.813,-0.263,-0.263,BSAE,0,0,0,1,16,3.813,3.813,-0.263,-0.263,N,W
884,3,580,680,1260,3740,3660,2,1,2,4,BSAE,16,4,241,Calculus & Analytical Geom I,D,1,,,,,1.231,1.231,1.769,1.769,BSEP,0,0,0,1,133,3.186,3.186,-0.186,-0.186,G,G
168,3.73,720,720,1350,4308,4334,3,1,2,7,BSAE,16,4,242,Calculus & Analytical Geom II,B,3,,,,,3.125,3.125,0.605,0.605,BSAE,1,0,0,1,73,2.563,2.563,1.167,1.167,N,S
366,2.98,610,640,1060,3488,3444,0,0,2,4,BSAE,17,4,241,Calculus & Analytical Geom I,B,3,,,,,2.824,2.824,0.156,0.156,BSAE,1,0,0,1,138,2,2,0.98,0.98,G,G
869,3.64,500,470,970,3624,3882,0,0,2,7,BSSP,17,4,241,Calculus & Analytical Geom I,D,1,,,,,2.588,2.588,1.052,1.052,BSSP,1,0,0,1,82,2.856,2.856,0.784,0.784,N,W
759,3.42,600,600,1130,3782,3866,3,1,2,7,BSAE,16,4,241,Calculus & Analytical Geom I,C,2,,,,,2.375,2.375,1.045,1.045,BSAE,0,0,0,1,114,2.412,2.412,1.008,1.008,G,G
677,3.37,520,500,1020,3542,3716,4,1,2,7,BSME,17,3,142,Trigonometry,D,1,,,,,1.462,1.462,1.908,1.908,BSME,0,0,0,1,10,1.462,1.462,1.908,1.908,N,W
783,2.7,520,520,960,3100,3120,0,0,1,7,NDCOE,16,4,241,Calculus & Analytical Geom I,D,1,,,,,2.5,2.5,0.2,0.2,BSHFP,0,1,0,1,136.5,2.984,2.984,-0.284,-0.284,G,G
591,4,660,600,1260,4260,4460,0,0,1,7,BSAE,16,4,242,Calculus & Analytical Geom II,C,2,,,,,2.923,2.923,1.077,1.077,BSATM,0,1,0,1,105,3.683,3.683,0.317,0.317,G,G
640,3.95,710,710,1360,4440,4520,2,1,2,7,BSAE,16,4,242,Calculus & Analytical Geom II,A,4,,,,,4,4,-0.05,-0.05,BSAE,0,0,0,1,126,4,4,-0.05,-0.05,G,G
362,4,780,780,1380,4560,4580,2,1,2,7,BSAE,16,4,242,Calculus & Analytical Geom II,A,4,,,,,4,4,0,0,BSAE,1,0,0,1,136,3.894,3.894,0.106,0.106,G,G
524,3.37,620,620,1190,3832,3886,4,1,2,7,BSAE,16,4,241,Calculus & Analytical Geom I,B,3,,,,,2.625,2.625,0.745,0.745,BSAE,0,0,0,1,129,2.813,2.813,0.557,0.557,G,G
393,3.66,620,650,1270,4116,4198,2,1,1,7,BSAE,17,4,241,Calculus & Analytical Geom I,B,3,,,,,2.529,2.529,1.131,1.131,BSAE,0,0,0,1,129,2.733,2.733,0.927,0.927,G,G
539,3.55,640,700,1340,4170,4180,4,1,1,7,BSAE,16,4,241,Calculus & Analytical Geom I,B,3,,,,,3.063,3.063,0.487,0.487,BSAE,0,0,0,1,119,3.06,3.06,0.49,0.49,G,G
421,3.6,510,470,980,3610,3860,4,1,1,7,BSAE,15,4,140,College Algebra,B,3,142,Trigonometry,C,2,2.2,2.2,1.4,1.4,BSAMET,0,0,0,1,140,2.881,2.881,0.719,0.719,G,G
240,3.85,540,700,1240,4250,4320,3,1,2,7,BSAE,16,5,345,Differential Eq & Matrix Meth,B,3,,,,,3.375,3.375,0.475,0.475,BSAE,1,0,0,1,114,3.102,3.102,0.748,0.748,G,G
772,3.96,560,560,1100,4036,4268,4,1,2,7,BSME,12,,,,,,,,,,3.833,3.833,0.127,0.127,BSAMS,0,1,0,1,36,3.694,3.694,0.266,0.266,N,W
254,3.99,660,740,1400,4534,4592,4,1,2,7,BSAE,17,4,241,Calculus & Analytical Geom I,B,3,,,,,2.917,2.917,1.073,1.073,BSAE,1,0,0,1,21,2.917,2.917,1.073,1.073,N,W
568,3.744,570,580,1120,3946.4,4115.2,1,0,2,7,BSAE,16,1,6,Intermediate Algebra,B,3,,,,,3.625,3.625,0.119,0.119,BSAE,0,0,0,1,85,3.641,3.641,0.103,0.103,G,G
117,3.97,620,620,1190,4192,4366,1,1,2,7,BSAE,16,2,111,College Math for Aviation I,B,3,,,,,3.769,3.769,0.201,0.201,BSAE,0,0,0,1,25,3.769,3.769,0.201,0.201,N,W
436,3.92,770,720,1490,4562,4626,4,1,1,9,BSME,16,4,242,Calculus & Analytical Geom II,B,3,,,,,3.563,3.563,0.357,0.357,BSME,1,0,0,1,149,3.714,3.714,0.206,0.206,G,G
610,3.7,690,690,1280,4190,4240,0,0,2,7,BSAE,17,4,242,Calculus & Analytical Geom II,B,3,,,,,3.353,3.353,0.347,0.347,BSAE,1,0,0,1,136,3.26,3.26,0.44,0.44,G,G
804,3.81,540,540,1050,3876,4098,3,1,2,4,BSAE,16,4,241,Calculus & Analytical Geom I,W,0,,,,, ,0,,3.81,BSAE,0,0,0,1,0, ,0,,3.81,N,W
49,3.29,770,650,1420,4044,4052,4,1,2,7,BSAE,16,4,241,Calculus & Analytical Geom I,F,0,,,,,0.615,0.615,2.675,2.675,BSAE,0,0,0,1,18,4,4,-0.71,-0.71,N,W
127,3.67,530,560,1060,3822,3996,3,1,2,7,NDCOE,16,4,241,Calculus & Analytical Geom I,B,3,,,,,1.875,1.875,1.795,1.795,BSME,0,0,0,1,81,2.31,2.31,1.36,1.36,N,W
423,3,580,620,1180,3600,3580,0,0,2,7,BSAE,16,4,241,Calculus & Analytical Geom I,C,2,,,,,2.063,2.063,0.937,0.937,BSAE,1,0,0,1,126,2.619,2.619,0.381,0.381,G,G
386,3.3,720,620,1340,3940,3980,1,0,2,7,BSAE,16,4,241,Calculus & Analytical Geom I,B,3,,,,,3.188,3.188,0.112,0.112,BSAE,0,0,0,1,124,2.631,2.631,0.669,0.669,G,G
100,2.7,590,590,1080,3290,3240,3,1,2,2,BSAE,16,4,241,Calculus & Analytical Geom I,A,4,,,,,3.769,3.769,-1.069,-1.069,BSAE,1,0,0,1,126,3.325,3.325,-0.625,-0.625,N,W
400,3.9,790,640,1430,4410,4550,3,1,1,9,BSAE,16,4,243,Calculus & Analytical Geom III,A,4,,,,,3.438,3.438,0.462,0.462,BSAE,0,0,0,1,133,3.557,3.557,0.343,0.343,G,G
546,3.56,680,680,1240,4056,4088,3,1,2,7,BSAE,15,4,243,Calculus & Analytical Geom III,A,4,,,,,3.667,3.667,-0.107,-0.107,BSAE,1,0,0,1,121,3.137,3.137,0.423,0.423,G,G
398,2.82,580,650,1230,3572,3486,0,0,2,7,BSAE,16,4,242,Calculus & Analytical Geom II,B,3,,,,,3.188,3.188,-0.368,-0.368,BSAE,0,0,0,1,118,3.651,3.651,-0.831,-0.831,G,G
879,3.85,680,680,1280,4270,4360,3,1,2,7,BSAE,16,4,241,Calculus & Analytical Geom I,B,3,,,,,2.923,2.923,0.927,0.927,BSSP,0,0,0,1,119,2.887,2.887,0.963,0.963,G,G
97,2.67,340,460,800,2862,2936,1,0,2,7,BSAMET,17,3,142,Trigonometry,C,2,,,,,2.765,2.765,-0.095,-0.095,BSATM,0,1,0,1,26,1.844,1.844,0.826,0.826,N,S
455,4,720,720,1280,4400,4480,4,1,1,7,BSAE,17,4,241,Calculus & Analytical Geom I,B,3,,,,,3.353,3.353,0.647,0.647,BSCE,0,0,0,1,130,3.371,3.371,0.629,0.629,G,G
218,3.98,630,550,1180,4118,4364,1,1,2,7,NDCOE,16,4,241,Calculus & Analytical Geom I,B,3,,,,,2.813,2.813,1.167,1.167,BSHFP,1,1,0,1,76,2.987,2.987,0.993,0.993,G,G
937,3.73,700,650,1350,4238,4334,2,1,2,7,BSAE,17,4,241,Calculus & Analytical Geom I,C,2,,,,,2.571,2.571,1.159,1.159,BSAE,0,0,0,1,11,2.571,2.571,1.159,1.159,N,W
590,3.84,460,450,910,3664,3982,4,1,2,5,BSAE,15,3,140,College Algebra,C,2,,,,,3.2,3.2,0.64,0.64,BSME,0,0,0,1,147,2.466,2.466,1.374,1.374,G,G
479,3.3,570,570,1130,3680,3770,3,1,2,7,BSAE,12,1,6,Intermediate Algebra,A,4,,,,,3.583,3.583,-0.283,-0.283,BSAE,0,0,0,1,137,2.92,2.92,0.38,0.38,G,G
209,3.97,690,690,1360,4432,4536,0,0,2,7,BSAE,16,4,242,Calculus & Analytical Geom II,A,4,,,,,4,4,-0.03,-0.03,BSAE,0,0,0,1,132,3.777,3.777,0.193,0.193,G,G
571,3.75,620,560,1180,3990,4180,2,1,1,7,BSAE,16,4,241,Calculus & Analytical Geom I,B,3,,,,,3.188,3.188,0.562,0.562,BSCE,0,0,0,1,135,3.269,3.269,0.481,0.481,G,G
972,3,600,580,1180,3560,3580,0,0,2,3,BSME,16,4,140,College Algebra,F,0,142,Trigonometry,C,2,1.625,1.625,1.375,1.375,BSME,0,0,0,1,35,2.114,2.114,0.886,0.886,N,W
763,3.17,520,520,1040,3462,3576,3,1,2,7,BSAE,15,1,6,Intermediate Algebra,C,2,,,,,2.583,2.583,0.587,0.587,BSAE,0,0,0,1,0, ,0,,3.17,N,W
806,3.77,760,790,1450,4502,4466,1,0,2,7,BSAE,16,4,242,Calculus & Analytical Geom II,B,3,,,,,3.563,3.563,0.207,0.207,BSAE,0,0,0,1,26,3.563,3.563,0.207,0.207,N,W
493,3.19,580,580,1100,3594,3652,1,0,2,7,BSAE,14,2,112,College Math for Aviation II,AU,0,,,,,2.917,2.917,0.273,0.273,BSHS,1,1,0,1,127,3.048,3.048,0.142,0.142,G,G
458,3.74,640,720,1360,4324,4352,0,0,2,7,BSCIV,16,4,242,Calculus & Analytical Geom II,B,3,,,,,3.125,3.125,0.615,0.615,BSCIV,1,0,0,1,123,3.349,3.349,0.391,0.391,G,G
650,3,580,650,1230,3680,3630,0,0,2,7,BSAE,16,4,242,Calculus & Analytical Geom II,B,3,,,,,2.875,2.875,0.125,0.125,BSCS,1,0,0,1,82,2.056,2.056,0.944,0.944,N,S
583,4,720,700,1420,4520,4620,3,1,2,7,BSAE,17,4,242,Calculus & Analytical Geom II,A,4,,,,,4,4,0,0,BSAE,1,0,0,1,171,3.934,3.934,0.066,0.066,G,G
122,3.69,470,560,1030,3804,3982,3,1,2,7,BSAE,15,3,142,Trigonometry,B,3,,,,,3.533,3.533,0.157,0.157,BSAE,0,0,0,1,15,3.533,3.533,0.157,0.157,N,W
371,3.11,610,620,1230,3716,3718,4,1,2,7,BSAE,16,4,241,Calculus & Analytical Geom I,C,2,,,,,2.692,2.692,0.418,0.418,BSAE,1,0,0,1,23,2,2,1.11,1.11,N,W
599,3.43,700,700,1340,4098,4084,1,1,2,7,BSAE,16,4,242,Calculus & Analytical Geom II,B,3,,,,,3.375,3.375,0.055,0.055,BSAE,0,0,0,1,117,2.906,2.906,0.524,0.524,G,G
291,3.23,650,530,1180,3648,3764,2,1,2,7,BSAE,15,1,6,Intermediate Algebra,A,4,,,,,3.8,3.8,-0.57,-0.57,BSAE,1,0,0,1,127,2.732,2.732,0.498,0.498,G,G
464,3.93,640,620,1260,4238,4404,4,1,2,7,BSAE,15,4,241,Calculus & Analytical Geom I,A,4,,,,,3.6,3.6,0.33,0.33,BSME,1,0,0,1,130,3.09,3.09,0.84,0.84,G,G
87,3.3,580,600,1180,3760,3820,3,1,1,7,BSAE,16,4,241,Calculus & Analytical Geom I,C,2,,,,,1.538,1.538,1.762,1.762,BSAMS,0,1,0,1,164,2.93,2.93,0.37,0.37,N,W
262,3.81,690,690,1270,4246,4318,1,1,2,7,BSAE,16,4,243,Calculus & Analytical Geom III,B,3,,,,,3.563,3.563,0.247,0.247,BSAE,0,0,0,1,132,3.042,3.042,0.768,0.768,G,G
487,3.89,720,680,1400,4414,4512,0,0,1,7,BSAE,14,4,243,Calculus & Analytical Geom III,A,4,,,,,4,4,-0.11,-0.11,BSAE,0,0,0,1,150,4,4,-0.11,-0.11,G,G
559,4,660,580,1240,4220,4440,2,1,2,7,BSAE,14,4,242,Calculus & Analytical Geom II,A,4,,,,,3.786,3.786,0.214,0.214,BSAMET,0,0,0,1,137,3.769,3.769,0.231,0.231,G,G
47,3.81,680,600,1280,4166,4328,3,1,2,7,BSAE,16,4,241,Calculus & Analytical Geom I,F,0,,,,,2.077,2.077,1.733,1.733,BSSS,1,1,0,1,132,2.562,2.562,1.248,1.248,G,G
875,3.11,760,680,1440,3986,3928,3,1,1,7,BSEP,16,4,243,Calculus & Analytical Geom III,A,4,,,,,2.462,2.462,0.648,0.648,BSEP,0,0,0,1,52,2.833,2.833,0.277,0.277,N,W
258,3.02,660,660,1170,3642,3586,3,1,2,2,BSAE,16,4,241,Calculus & Analytical Geom I,C,2,,,,,2.231,2.231,0.789,0.789,BSHFP,0,1,0,1,107,2.6,2.6,0.42,0.42,G,G
691,3.17,710,710,1330,3942,3866,3,1,2,7,NDCOE,16,4,241,Calculus & Analytical Geom I,A,4,,,,,3.063,3.063,0.107,0.107,NDCOE,1,0,0,1,55,3.551,3.551,-0.381,-0.381,N,W
311,3.32,640,640,1000,3632,3656,4,1,2,4,BSAE,16,4,242,Calculus & Analytical Geom II,B,3,,,,,3.188,3.188,0.132,0.132,BSAE,1,0,0,1,123,3.073,3.073,0.247,0.247,G,G
609,3.38,640,600,1240,3868,3944,3,1,2,2,BSAE,15,4,140,College Algebra,F,0,142,Trigonometry,F,0,0,0,3.38,3.38,BSAE,0,0,0,1,0, ,0,,3.38,N,S
503,3.9,700,740,1320,4400,4440,3,1,2,7,BSAE,16,4,243,Calculus & Analytical Geom III,B,3,,,,,2.688,2.688,1.212,1.212,BSAE,0,0,0,1,124,2.962,2.962,0.938,0.938,G,G
408,3.82,610,560,1170,4022,4226,1,1,2,7,BSAE,16,4,142,Trigonometry,B,3,241,Calculus & Analytical Geom I,B,3,3.188,3.188,0.632,0.632,BSAE,0,0,0,1,25,3.188,3.188,0.632,0.632,N,W
315,3.65,660,660,1200,4050,4120,1,1,2,4,BSEP,16,4,241,Calculus & Analytical Geom I,A,4,,,,,3.688,3.688,-0.038,-0.038,BSME,0,0,0,1,148,3.902,3.902,-0.252,-0.252,G,G
406,3.45,520,640,1160,3870,3920,3,1,2,7,BSAE,16,4,242,Calculus & Analytical Geom II,D,1,,,,,2.412,2.412,1.038,1.038,BSAE,0,0,0,1,24,2.708,2.708,0.742,0.742,N,W
925,3.97,690,630,1320,4332,4496,2,1,2,7,BSAE,17,4,241,Calculus & Analytical Geom I,D,1,,,,,2.714,2.714,1.256,1.256,BSAMET,1,0,0,1,128,3.649,3.649,0.321,0.321,G,G
166,2.78,470,540,1010,3218,3234,3,1,2,7,BSAE,17,,,,,,,,,,0.615,0.615,2.165,2.165,BSAE,0,0,0,1,0, ,0,,2.78,N,W
505,3.63,540,500,1040,3718,3944,3,1,2,7,BSCE,17,4,241,Calculus & Analytical Geom I,F,0,,,,,1.118,1.118,2.512,2.512,BSCE,1,0,0,1,0, ,0,,3.63,N,W
808,2.42,630,630,1190,3272,3126,3,1,1,5,BSME,15,1,6,Intermediate Algebra,A,4,,,,,3.067,3.067,-0.647,-0.647,BSME,0,0,0,1,30,2.833,2.833,-0.413,-0.413,N,W
172,3.94,590,590,1130,4084,4282,4,1,2,2,BSAE,16,4,241,Calculus & Analytical Geom I,A,4,,,,,4,4,-0.06,-0.06,BSEP,0,0,0,1,136,3.838,3.838,0.102,0.102,G,G
893,3.36,680,680,1260,3956,3948,4,1,2,9,BSAE,16,4,243,Calculus & Analytical Geom III,A,4,,,,,3.5,3.5,-0.14,-0.14,BSAE,0,0,0,1,139,3,3,0.36,0.36,G,G
367,3.5,740,670,1410,4180,4210,2,1,2,7,BSAE,14,4,243,Calculus & Analytical Geom III,C,2,,,,,3.214,3.214,0.286,0.286,BSAE,0,0,0,1,150,2.815,2.815,0.685,0.685,G,G
606,3.21,600,600,1110,3636,3678,4,1,2,9,BSAE,14,4,242,Calculus & Analytical Geom II,B,3,,,,,3.429,3.429,-0.219,-0.219,BSAE,0,0,0,1,141,2.946,2.946,0.264,0.264,G,G
631,3.91,740,680,1420,4446,4548,0,0,1,7,BSAE,15,5,345,Differential Eq & Matrix Meth,B,3,,,,,3.733,3.733,0.177,0.177,BSAE,0,0,0,1,139,3.413,3.413,0.497,0.497,G,G
532,2.78,570,570,1050,3288,3274,0,0,2,7,BSAE,16,4,142,Trigonometry,B,3,241,Calculus & Analytical Geom I,AU,0,2.25,2.25,0.53,0.53,BSAS,1,1,0,1,123,3.366,3.366,-0.586,-0.586,G,G
439,3.8,750,790,1430,4500,4470,0,0,2,7,BSAE,17,4,242,Calculus & Analytical Geom II,A,4,,,,,4,4,-0.2,-0.2,BSAE,1,0,0,1,137,3.484,3.484,0.316,0.316,G,G
536,3.96,580,600,1120,4096,4288,0,0,2,7,BSAE,16,4,241,Calculus & Analytical Geom I,A,4,,,,,3.813,3.813,0.147,0.147,BSBA,0,1,0,1,115,3.97,3.97,-0.01,-0.01,G,G
718,3.67,680,680,1270,4152,4206,4,1,2,9,BSAE,16,4,243,Calculus & Analytical Geom III,D,1,,,,,3.25,3.25,0.42,0.42,BSHS,1,1,0,1,111,3.134,3.134,0.536,0.536,G,G
19,2.5,450,500,950,2950,2950,0,0,2,5,BSAE,15,4,241,Calculus & Analytical Geom I,W,0,,,,, ,0,,2.5,BSAE,0,0,0,1,6,3.167,3.167,-0.667,-0.667,N,W
551,4,670,620,1290,4310,4490,4,1,2,7,BSME,16,4,241,Calculus & Analytical Geom I,A,4,,,,,3.438,3.438,0.562,0.562,BSME,1,0,0,1,133,3.1,3.1,0.9,0.9,G,G
580,2.88,460,440,900,3068,3204,4,1,2,7,BSME,15,4,140,College Algebra,D,1,142,Trigonometry,C,2,1.917,1.917,0.963,0.963,BSME,1,0,0,1,12,1.917,1.917,0.963,0.963,N,S
246,4,630,630,1110,4140,4310,2,1,2,7,BSAE,16,4,242,Calculus & Analytical Geom II,B,3,,,,,3.75,3.75,0.25,0.25,BSAE,1,0,0,1,133,3.471,3.471,0.529,0.529,G,G
642,2.89,580,600,1180,3514,3492,0,0,2,7,BSAE,14,4,241,Calculus & Analytical Geom I,F,0,,,,,1.214,1.214,1.676,1.676,BSAE,0,0,0,1,14,1.444,1.444,1.446,1.446,N,S
333,3.41,670,650,1320,4016,4048,0,0,2,7,BSAE,16,4,242,Calculus & Analytical Geom II,D,1,,,,,2.188,2.188,1.222,1.222,BSAE,0,0,0,1,129,2.789,2.789,0.621,0.621,G,G
156,3.8,630,630,1230,4140,4270,3,1,2,7,BSAE,16,4,241,Calculus & Analytical Geom I,A,4,,,,,3.438,3.438,0.362,0.362,BSAE,1,0,0,1,58,3.204,3.204,0.596,0.596,N,W
310,3.73,580,580,1100,3918,4084,4,1,2,7,BSAE,15,4,241,Calculus & Analytical Geom I,B,3,,,,,3.133,3.133,0.597,0.597,BSAE,0,0,0,1,156,2.974,2.974,0.756,0.756,G,G
525,3.5,580,580,1080,3760,3880,1,1,2,7,BSAE,15,4,140,College Algebra,C,2,142,Trigonometry,C,2,2.467,2.467,1.033,1.033,BSAE,0,0,0,1,0, ,0,,3.5,N,W
790,2.8,650,650,1180,3510,3420,4,1,2,7,BSAE,16,4,241,Calculus & Analytical Geom I,C,2,,,,,2.75,2.75,0.05,0.05,BSAE,0,0,0,1,119,2.6,2.6,0.2,0.2,G,G
410,3.95,650,650,1210,4230,4370,1,0,2,7,BSAE,15,4,241,Calculus & Analytical Geom I,F,0,,,,,2.083,2.083,1.867,1.867,BSAE,1,0,0,1,0, ,0,,3.95,N,W
245,3.45,590,590,1120,3780,3880,0,0,2,7,BSAE,16,4,241,Calculus & Analytical Geom I,C,2,,,,,2.188,2.188,1.262,1.262,BSAE,0,0,0,1,47.2,2.308,2.308,1.142,1.142,N,W
564,3.88,660,660,1220,4208,4324,3,1,2,9,BSAE,15,3,142,Trigonometry,D,1,,,,,3.133,3.133,0.747,0.747,BSME,0,0,0,1,42,3.133,3.133,0.747,0.747,N,W
352,3.64,590,600,1170,3954,4082,1,1,2,7,BSAE,13,4,241,Calculus & Analytical Geom I,B,3,,,,,2.615,2.615,1.025,1.025,BSA,0,1,0,1,118,2.783,2.783,0.857,0.857,G,G
9,3.56,670,670,1150,3956,3998,1,1,2,4,BSAE,16,4,241,Calculus & Analytical Geom I,A,4,,,,,3.813,3.813,-0.253,-0.253,BSME,1,0,0,1,118,2.21,2.21,1.35,1.35,N,S
325,3.7,710,710,1220,4150,4180,4,1,2,7,BSAE,16,4,241,Calculus & Analytical Geom I,A,4,,,,,3.813,3.813,-0.113,-0.113,BSAE,0,0,0,1,134,3.866,3.866,-0.166,-0.166,G,G
196,2.94,520,560,1070,3394,3422,1,1,2,2,BSAE,16,4,241,Calculus & Analytical Geom I,C,2,,,,,2.188,2.188,0.752,0.752,BSA,0,1,0,1,105,2.626,2.626,0.314,0.314,G,G
261,3.7,510,650,1160,4030,4120,1,1,1,7,NDCOE,16,4,242,Calculus & Analytical Geom II,C,2,,,,,2.375,2.375,1.325,1.325,BSME,0,0,0,1,116,2.481,2.481,1.219,1.219,G,G
143,4,640,680,1300,4380,4500,3,1,2,4,BSAE,14,4,242,Calculus & Analytical Geom II,B,3,,,,,3.714,3.714,0.286,0.286,BSAE,0,0,0,1,134,3.11,3.11,0.89,0.89,G,G
791,3.77,420,560,980,3802,3996,4,1,2,7,BSAE,17,4,241,Calculus & Analytical Geom I,A,4,,,,,3.714,3.714,0.056,0.056,BSAE,0,0,0,1,120,3.275,3.275,0.495,0.495,G,G
859,3.7,660,640,1300,4160,4260,4,1,2,7,BSAE,16,4,241,Calculus & Analytical Geom I,A,4,,,,,3.563,3.563,0.137,0.137,BSAE,0,0,0,1,25,2.625,2.625,1.075,1.075,N,W
874,2.71,510,560,1070,3256,3238,4,1,2,9,BSAE,17,4,241,Calculus & Analytical Geom I,C,2,,,,,2.176,2.176,0.534,0.534,BSAE,1,0,0,1,30,2.267,2.267,0.443,0.443,N,W
486,3.07,560,720,1280,3842,3736,3,1,2,7,BSCIV,15,4,242,Calculus & Analytical Geom II,B,3,,,,,2.267,2.267,0.803,0.803,BSCIV,0,0,0,1,127,2.415,2.415,0.655,0.655,G,G
602,2.86,540,540,1080,3336,3368,0,0,2,7,BSAE,16,4,241,Calculus & Analytical Geom I,F,0,,,,,0.75,0.75,2.11,2.11,BSAE,0,0,0,1,3,0.75,0.75,2.11,2.11,N,S
794,2.71,500,500,960,3086,3128,4,1,2,4,BSAE,17,4,140,College Algebra,F,0,142,Trigonometry,F,0,0.882,0.882,1.828,1.828,BSAE,1,0,0,1,6,0.882,0.882,1.828,1.828,N,S
269,3.71,550,620,1140,3986,4108,4,1,2,7,NDCOE,16,4,241,Calculus & Analytical Geom I,A,4,,,,,3.813,3.813,-0.103,-0.103,BSME,0,0,0,1,117,3.677,3.677,0.033,0.033,G,G
66,3,630,680,1200,3680,3600,3,1,2,7,BSAE,16,4,241,Calculus & Analytical Geom I,B,3,,,,,3.188,3.188,-0.188,-0.188,BSAE,0,0,0,1,153,2.933,2.933,0.067,0.067,G,G
474,3.69,540,600,1140,3954,4092,3,1,1,2,BSAE,15,4,241,Calculus & Analytical Geom I,B,3,,,,,2.733,2.733,0.957,0.957,BSASP,0,1,0,1,106,3.35,3.35,0.34,0.34,G,G
51,2.91,640,560,1200,3506,3528,4,1,2,7,BSAE,14,4,242,Calculus & Analytical Geom II,F,0,,,,,0.214,0.214,2.696,2.696,BSHS,1,1,0,1,8,1,1,1.91,1.91,N,S
80,3.05,630,640,1200,3670,3640,4,1,2,7,BSCE,16,4,241,Calculus & Analytical Geom I,F,0,,,,,0.375,0.375,2.675,2.675,BSCE,0,0,0,1,3,0.5,0.5,2.55,2.55,N,W
789,2.92,600,530,1130,3412,3466,2,1,2,4,BSAE,16,4,241,Calculus & Analytical Geom I,F,0,,,,,1.692,1.692,1.228,1.228,BSAE,0,0,0,1,44,1.962,1.962,0.958,0.958,N,S
424,3.9,580,720,1300,4360,4420,0,0,2,7,BSAE,14,4,241,Calculus & Analytical Geom I,C,2,,,,,2.357,2.357,1.543,1.543,BSAE,0,0,0,1,54,2.019,2.019,1.881,1.881,N,W
771,3.24,600,720,1300,3964,3892,3,1,2,7,BSAE,16,4,242,Calculus & Analytical Geom II,B,3,,,,,2.438,2.438,0.802,0.802,BSAE,0,0,0,1,20,2.438,2.438,0.802,0.802,N,W
376,3.42,570,600,1160,3812,3896,4,1,1,7,BSAE,16,4,241,Calculus & Analytical Geom I,B,3,,,,,3,3,0.42,0.42,BSAE,0,0,0,1,118,2.86,2.86,0.56,0.56,G,G
905,3.44,700,700,1380,4144,4132,0,0,2,7,NDCOE,15,4,242,Calculus & Analytical Geom II,F,0,,,,,1.308,1.308,2.132,2.132,NDCOE,0,0,0,1,42,1.69,1.69,1.75,1.75,N,S
799,3.75,670,670,1270,4190,4270,2,1,2,7,BSAE,17,4,242,Calculus & Analytical Geom II,B,3,,,,,2.647,2.647,1.103,1.103,BSME,0,0,0,1,139,3.311,3.311,0.439,0.439,G,G
163,3.73,510,510,930,3678,3914,0,0,2,2,BSCE,15,4,241,Calculus & Analytical Geom I,D,1,,,,,2.4,2.4,1.33,1.33,BSCE,1,0,0,1,38,2.421,2.421,1.309,1.309,N,W
786,3.84,640,640,1200,4144,4272,2,1,2,7,BSAE,16,4,241,Calculus & Analytical Geom I,A,4,,,,,4,4,-0.16,-0.16,BSAE,0,0,0,1,125,3.707,3.707,0.133,0.133,G,G
390,2.7,360,580,940,3140,3100,1,0,2,7,BSAE,17,4,241,Calculus & Analytical Geom I,C,2,,,,,1.706,1.706,0.994,0.994,BSAE,0,0,0,1,27,2.593,2.593,0.107,0.107,N,W
229,2.75,490,440,930,3020,3130,2,1,2,7,BSSP,15,1,6,Intermediate Algebra,B,3,,,,,2.4,2.4,0.35,0.35,BSCE,0,0,0,1,64,2,2,0.75,0.75,N,W
341,2.77,530,530,950,3142,3166,0,0,2,7,BSAE,16,4,241,Calculus & Analytical Geom I,D,1,,,,,2.364,2.364,0.406,0.406,BSAE,0,0,0,1,0, ,0,,2.77,N,W
751,2.55,590,590,1000,3120,3040,3,1,2,7,BSEP,14,4,242,Calculus & Analytical Geom II,F,0,,,,,0.769,0.769,1.781,1.781,BSEP,0,0,0,1,13,1.294,1.294,1.256,1.256,N,S
322,3.21,640,620,1260,3806,3828,0,0,1,9,BSAE,16,4,241,Calculus & Analytical Geom I,C,2,,,,,2.188,2.188,1.022,1.022,BSAE,0,0,0,1,0, ,0,,3.21,N,W
320,3.9,690,690,1350,4380,4470,3,1,2,7,BSAE,16,4,242,Calculus & Analytical Geom II,B,3,,,,,3.75,3.75,0.15,0.15,BSAE,0,0,0,1,126,3.83,3.83,0.07,0.07,G,G
643,2.42,590,590,1060,3102,2996,0,0,2,7,BSEP,16,4,242,Calculus & Analytical Geom II,B,3,,,,,3.438,3.438,-1.018,-1.018,BSEP,0,0,0,1,126,2.79,2.79,-0.37,-0.37,N,S
378,3.83,690,610,1300,4208,4364,4,1,1,7,BSAE,16,4,242,Calculus & Analytical Geom II,B,3,,,,,3.375,3.375,0.455,0.455,BSAE,0,0,0,1,123,3.236,3.236,0.594,0.594,G,G
792,2.35,600,640,1240,3290,3120,2,1,2,9,BSAMET,16,2,112,College Math for Aviation II,B,3,,,,,2.25,2.25,0.1,0.1,BSAMET,0,0,0,1,21,2.25,2.25,0.1,0.1,N,W
520,3.38,510,580,1090,3698,3794,4,1,1,7,BSAE,16,4,241,Calculus & Analytical Geom I,B,3,,,,,3.063,3.063,0.317,0.317,BSCIV,0,0,0,1,119,2.903,2.903,0.477,0.477,G,G
652,3.52,630,630,1180,3922,3996,0,0,2,4,BSAE,17,4,243,Calculus & Analytical Geom III,D,1,,,,,2.353,2.353,1.167,1.167,BSEE,1,0,0,1,139,2.85,2.85,0.67,0.67,G,G
259,3.05,660,660,1220,3710,3660,2,1,2,7,BSCIV,16,4,241,Calculus & Analytical Geom I,D,1,,,,,2.313,2.313,0.737,0.737,BSCIV,0,0,0,1,122,3.049,3.049,0.001,0.001,G,G
4,3.3,600,600,1090,3670,3730,3,1,2,7,BSAMET,14,3,142,Trigonometry,B,3,,,,,2.429,2.429,0.871,0.871,BSCS,1,0,0,1,14,2.429,2.429,0.871,0.871,N,W
494,2.86,560,530,1090,3336,3378,3,1,2,5,BSAE,16,4,140,College Algebra,AU,0,142,Trigonometry,C,2,2.615,2.615,0.245,0.245,BSSE,1,0,0,1,125,2.783,2.783,0.077,0.077,G,G
800,3.45,520,520,1040,3630,3800,0,0,2,7,NDCOE,15,4,241,Calculus & Analytical Geom I,D,1,,,,,2.583,2.583,0.867,0.867,BSBA,0,1,0,1,26,2.03,2.03,1.42,1.42,N,W
277,3.97,700,700,1370,4452,4546,4,1,2,7,BSAE,15,4,243,Calculus & Analytical Geom III,A,4,,,,,4,4,-0.03,-0.03,BSAE,1,0,0,1,136,3.726,3.726,0.244,0.244,G,G
475,3.83,660,660,1320,4278,4384,3,1,1,7,BSAE,16,4,241,Calculus & Analytical Geom I,B,3,,,,,3.563,3.563,0.267,0.267,BSAE,0,0,0,1,139,3.607,3.607,0.223,0.223,G,G
662,4,550,550,1080,4030,4280,0,0,2,7,BSAE,13,4,241,Calculus & Analytical Geom I,AU,0,,,,,3.769,3.769,0.231,0.231,BSAE,0,0,0,1,144,3.877,3.877,0.123,0.123,G,G
757,2.89,570,620,1140,3494,3452,0,0,2,7,BSCE,17,4,140,College Algebra,C,2,142,Trigonometry,C,2,2.647,2.647,0.243,0.243,BSCE,1,0,0,1,0, ,0,,2.89,N,W
653,4,660,720,1380,4500,4580,4,1,1,7,BSCIV,16,4,242,Calculus & Analytical Geom II,A,4,,,,,3.813,3.813,0.187,0.187,BSCIV,0,0,0,1,132,3.885,3.885,0.115,0.115,G,G
206,2.8,640,640,1180,3500,3420,1,1,2,7,BSAE,17,4,241,Calculus & Analytical Geom I,AU,0,,,,,1.923,1.923,0.877,0.877,BSAE,0,0,0,1,32,1.8,1.8,1,1,N,W
508,3.83,620,620,1170,4088,4234,3,1,2,7,BSAE,17,4,241,Calculus & Analytical Geom I,A,4,,,,,3.176,3.176,0.654,0.654,BSAMET,0,0,0,1,120,3.45,3.45,0.38,0.38,G,G
413,3.93,780,780,1320,4458,4464,4,1,2,7,BSAE,16,4,241,Calculus & Analytical Geom I,A,4,,,,,3.813,3.813,0.117,0.117,BSAE,1,0,0,1,121,3.708,3.708,0.222,0.222,G,G
681,3.51,650,650,1280,4036,4088,0,0,2,7,BSAE,16,4,242,Calculus & Analytical Geom II,A,4,,,,,3.5,3.5,0.01,0.01,BSAE,0,0,0,1,132,3.773,3.773,-0.263,-0.263,G,G
776,2.24,560,540,1100,2984,2892,4,1,2,7,BSAE,15,4,140,College Algebra,A,4,142,Trigonometry,A,4,3.667,3.667,-1.427,-1.427,BSAE,0,0,0,1,100,2.786,2.786,-0.546,-0.546,N,W
511,3.41,570,640,1130,3816,3858,4,1,2,7,BSAE,17,4,241,Calculus & Analytical Geom I,B,3,,,,,3.059,3.059,0.351,0.351,BSAMET,1,0,0,1,125,3.223,3.223,0.187,0.187,G,G
658,2.7,450,400,850,2870,3010,4,1,2,5,BSAE,16,,,,,,,,,,1.833,1.833,0.867,0.867,BSAE,0,0,0,1,18,1.619,1.619,1.081,1.081,N,S
762,3.7,600,640,1240,4100,4200,0,0,2,7,BSSP,15,4,241,Calculus & Analytical Geom I,B,3,,,,,3,3,0.7,0.7,BSCM,1,0,0,1,118,2.567,2.567,1.133,1.133,G,G
576,2.7,680,680,1220,3520,3380,3,1,2,2,BSAE,14,4,241,Calculus & Analytical Geom I,AU,0,,,,,0.3,0.3,2.4,2.4,BSAE,0,0,0,1,0, ,0,,2.7,N,W
347,3.36,440,420,860,3296,3548,0,0,2,7,BSAEL,12,,,,,,,,,,2,2,1.36,1.36,BSAMS,0,1,0,1,102,2.127,2.127,1.233,1.233,N,W
8,3.7,590,590,1170,3980,4130,3,1,1,7,BSAE,16,4,242,Calculus & Analytical Geom II,B,3,,,,,3.077,3.077,0.623,0.623,BSAE,0,0,0,1,125,3.222,3.222,0.478,0.478,G,G
361,3.37,570,580,1060,3662,3756,0,0,2,7,BSAE,16,4,241,Calculus & Analytical Geom I,C,2,,,,,2.563,2.563,0.807,0.807,BSAE,0,0,0,1,126,3.405,3.405,-0.035,-0.035,G,G
252,4,700,700,1280,4380,4480,4,1,2,7,BSAE,16,4,242,Calculus & Analytical Geom II,C,2,,,,,2.938,2.938,1.062,1.062,BSAE,1,0,0,1,68,2.759,2.759,1.241,1.241,N,W
509,3.7,710,710,1320,4250,4280,0,0,2,7,BSAE,16,4,241,Calculus & Analytical Geom I,A,4,,,,,3.813,3.813,-0.113,-0.113,BSME,1,0,0,1,106,2.26,2.26,1.44,1.44,N,S
149,3,520,580,1100,3480,3500,4,1,2,2,NDCOE,16,2,112,College Math for Aviation II,D,1,,,,,2,2,1,1,BSA,1,1,0,1,118,2.116,2.116,0.884,0.884,G,G
706,3.2,590,540,1130,3590,3690,0,0,2,2,BSAE,16,4,241,Calculus & Analytical Geom I,D,1,,,,,1.563,1.563,1.637,1.637,BSAE,1,0,0,1,19,1.375,1.375,1.825,1.825,N,S
485,3.7,700,700,1240,4160,4200,0,0,2,4,BSAE,16,4,242,Calculus & Analytical Geom II,B,3,,,,,3.563,3.563,0.137,0.137,BSAE,0,0,0,1,83,3.329,3.329,0.371,0.371,N,W
63,3.8,650,650,1280,4210,4320,0,0,2,7,BSAE,17,4,241,Calculus & Analytical Geom I,B,3,,,,,3.5,3.5,0.3,0.3,BSAE,1,0,0,1,56,2.717,2.717,1.083,1.083,N,W
56,3.37,580,640,1220,3882,3916,4,1,1,7,BSAE,16,,,,,,,,,, ,0,,3.37,BSHFP,0,1,0,1,136,2.621,2.621,0.749,0.749,G,G
153,3.71,640,680,1320,4226,4288,1,0,1,7,BSAE,15,4,241,Calculus & Analytical Geom I,B,3,,,,,2.417,2.417,1.293,1.293,BSAMET,0,0,0,1,131,3.162,3.162,0.548,0.548,G,G
723,3,610,610,1140,3550,3540,0,0,1,7,BSAE,16,4,241,Calculus & Analytical Geom I,C,2,,,,,2.385,2.385,0.615,0.615,BSAE,1,0,0,1,47,1.929,1.929,1.071,1.071,N,W
878,3.11,690,590,1280,3736,3768,4,1,2,5,BSAE,13,4,241,Calculus & Analytical Geom I,D,1,,,,,2.357,2.357,0.753,0.753,BSHS,1,1,0,1,111,3.164,3.164,-0.054,-0.054,G,G
155,3.07,520,560,940,3342,3396,2,1,1,7,BSAE,16,4,241,Calculus & Analytical Geom I,C,2,,,,,1.313,1.313,1.757,1.757,BSAE,0,0,0,1,80,1.978,1.978,1.092,1.092,N,W
120,2.43,770,660,1430,3548,3374,3,1,2,7,BSAE,15,4,243,Calculus & Analytical Geom III,B,3,,,,,2.133,2.133,0.297,0.297,BSHFP,0,1,0,1,120,2.389,2.389,0.041,0.041,G,G
722,3.55,570,570,1000,3700,3840,0,0,2,5,BSAE,17,4,241,Calculus & Analytical Geom I,D,1,,,,,2.643,2.643,0.907,0.907,BSME,0,0,0,1,95,2.79,2.79,0.76,0.76,G,G
630,3.85,740,600,1340,4250,4420,0,0,1,7,BSSP,16,4,241,Calculus & Analytical Geom I,C,2,,,,,2.375,2.375,1.475,1.475,BSSP,1,0,0,1,16,2.375,2.375,1.475,1.475,N,W
323,3.9,730,730,1390,4460,4510,4,1,2,7,BSAE,16,4,243,Calculus & Analytical Geom III,A,4,,,,,4,4,-0.1,-0.1,BSAE,1,0,0,1,101,3.691,3.691,0.209,0.209,G,G
530,3.61,730,730,1400,4296,4288,3,1,2,7,BSAE,16,4,241,Calculus & Analytical Geom I,A,4,,,,,3.438,3.438,0.172,0.172,BSAE,0,0,0,1,126,2.969,2.969,0.641,0.641,G,G
453,3.03,590,520,1110,3448,3534,4,1,2,7,BSAE,16,,,,,,,,,,1.667,1.667,1.363,1.363,BSHS,0,1,0,1,81,2.045,2.045,0.985,0.985,N,W
737,3.21,470,520,990,3436,3558,0,0,2,7,BSAE,16,4,241,Calculus & Analytical Geom I,F,0,,,,,1.692,1.692,1.518,1.518,BSATM,0,1,0,1,115,3.128,3.128,0.082,0.082,G,G
744,4,730,790,1460,4650,4660,0,0,2,4,BSAE,17,4,242,Calculus & Analytical Geom II,A,4,,,,,3.353,3.353,0.647,0.647,BSAE,0,0,0,1,140,3.838,3.838,0.162,0.162,G,G
761,3.53,600,600,1200,3918,4024,4,1,2,7,BSSE,16,4,241,Calculus & Analytical Geom I,B,3,,,,,2.938,2.938,0.592,0.592,BSSE,1,0,0,1,115,3.275,3.275,0.255,0.255,G,G
68,3.79,660,610,1270,4154,4302,3,1,1,7,BSAMET,15,4,242,Calculus & Analytical Geom II,B,3,,,,,2.8,2.8,0.99,0.99,BSAMET,0,0,0,1,136,3.505,3.505,0.285,0.285,G,G
575,3.31,590,580,1170,3736,3818,0,0,1,7,BSAE,16,4,242,Calculus & Analytical Geom II,A,4,,,,,3.625,3.625,-0.315,-0.315,BSAE,0,0,0,1,142,3.469,3.469,-0.159,-0.159,G,G
198,2.89,580,540,1120,3394,3432,3,1,2,7,BSAE,16,3,140,College Algebra,D,1,,,,,1.938,1.938,0.952,0.952,BSHFP,1,1,0,1,111,2.754,2.754,0.136,0.136,G,G
857,3.3,650,650,1280,3910,3920,3,1,2,7,BSAE,18,4,241,Calculus & Analytical Geom I,F,0,,,,,1.867,1.867,1.433,1.433,BSAE,0,0,0,1,0, ,0,,3.3,N,W
309,3.87,620,600,1220,4142,4316,4,1,2,7,BSAMET,14,4,241,Calculus & Analytical Geom I,A,4,,,,,4,4,-0.13,-0.13,BSAMET,0,0,0,1,107,3.933,3.933,-0.063,-0.063,G,G
527,4,620,650,1270,4320,4470,3,1,1,7,BSAE,16,,,,,,,,,,3.5,3.5,0.5,0.5,BSAMET,0,0,0,1,37,3.5,3.5,0.5,0.5,N,W
200,3.7,540,540,1080,3840,4040,3,1,2,7,BSAMET,14,1,6,Intermediate Algebra,B,3,,,,,2.143,2.143,1.557,1.557,BSATM,0,1,0,1,72,2.218,2.218,1.482,1.482,N,S
573,2.7,540,540,1070,3230,3230,2,1,2,7,BSAE,12,4,140,College Algebra,W,0,142,Trigonometry,W,0, ,0,,2.7,BSAE,1,0,0,1,0, ,0,,2.7,N,W
292,3.7,610,610,1170,4000,4130,1,1,2,7,BSAE,16,4,242,Calculus & Analytical Geom II,C,2,,,,,2.938,2.938,0.762,0.762,BSAE,0,0,0,1,0, ,0,,3.7,N,W
753,3.18,580,580,1040,3528,3584,1,1,2,7,BSAE,15,4,241,Calculus & Analytical Geom I,D,1,,,,,2.583,2.583,0.597,0.597,BSHFP,1,1,0,1,120,3.175,3.175,0.005,0.005,G,G
171,3.6,740,620,1360,4140,4240,4,1,2,2,BSEE,17,4,241,Calculus & Analytical Geom I,B,3,,,,,3.412,3.412,0.188,0.188,BSEE,1,0,0,1,128,3.252,3.252,0.348,0.348,G,G
469,3.68,640,620,1260,4088,4204,4,1,2,7,BSAE,16,4,242,Calculus & Analytical Geom II,B,3,,,,,3.563,3.563,0.117,0.117,BSAE,1,0,0,1,117,3.566,3.566,0.114,0.114,G,G
207,3.2,490,440,930,3290,3490,4,1,2,7,BSAE,16,4,241,Calculus & Analytical Geom I,C,2,,,,,2.75,2.75,0.45,0.45,BSAE,0,0,0,1,113,2.92,2.92,0.28,0.28,G,G
211,3.81,620,700,1320,4306,4368,4,1,2,7,BSAE,16,4,242,Calculus & Analytical Geom II,A,4,,,,,3.313,3.313,0.497,0.497,BSAE,1,0,0,1,45,3.053,3.053,0.757,0.757,N,W
107,3.25,700,700,1340,3990,3940,4,1,2,7,BSAE,12,5,345,Differential Eq & Matrix Meth,F,0,,,,,0.917,0.917,2.333,2.333,BSAE,0,0,0,1,0, ,0,,3.25,N,W
167,3.61,620,620,1090,3876,3978,3,1,2,7,BSAE,17,4,243,Calculus & Analytical Geom III,A,4,,,,,3.824,3.824,-0.214,-0.214,BSAE,0,0,0,1,85,3.816,3.816,-0.206,-0.206,G,G
212,2.8,550,550,1050,3280,3290,4,1,2,7,BSAE,16,4,140,College Algebra,F,0,142,Trigonometry,D,1,2.125,2.125,0.675,0.675,BSBA,1,1,0,1,41,2.636,2.636,0.164,0.164,N,W
297,3.03,510,510,960,3288,3384,4,1,2,7,BSAE,15,4,241,Calculus & Analytical Geom I,D,1,,,,,0.333,0.333,2.697,2.697,BSAE,0,0,0,1,6,3.167,3.167,-0.137,-0.137,N,W
295,3.89,630,610,1240,4184,4352,4,1,2,7,BSAE,17,4,242,Calculus & Analytical Geom II,C,2,,,,,2.353,2.353,1.537,1.537,BSAMET,0,0,0,1,134,3.388,3.388,0.502,0.502,G,G
855,3.02,520,480,1000,3292,3416,2,1,2,7,BSAE,16,4,241,Calculus & Analytical Geom I,F,0,,,,,2.308,2.308,0.712,0.712,BSASP,0,1,0,1,108,2.769,2.769,0.251,0.251,G,G
766,3.55,540,500,1040,3670,3880,2,1,1,5,NDCOE,15,4,241,Calculus & Analytical Geom I,B,3,,,,,2.667,2.667,0.883,0.883,BSAE,0,0,0,1,130,2.685,2.685,0.865,0.865,G,G
659,3.7,650,650,1050,3920,4010,0,0,2,4,BSAE,16,4,242,Calculus & Analytical Geom II,B,3,,,,,3,3,0.7,0.7,BSAE,0,0,0,1,62,2.4,2.4,1.3,1.3,N,W
680,3.7,700,560,1260,4040,4220,4,1,1,7,BSAE,17,4,242,Calculus & Analytical Geom II,F,0,,,,,1.5,1.5,2.2,2.2,BSAE,0,0,0,1,11,1.5,1.5,2.2,2.2,N,W
798,2.41,630,630,1230,3306,3158,0,0,2,9,BSEE,15,4,140,College Algebra,D,1,142,Trigonometry,C,2,1.333,1.333,1.077,1.077,BSEE,1,0,0,1,20,1.652,1.652,0.758,0.758,N,S
237,3.43,490,600,1090,3748,3834,2,1,2,7,BSAE,16,4,241,Calculus & Analytical Geom I,A,4,,,,,3.313,3.313,0.117,0.117,BSAE,0,0,0,1,159,2.77,2.77,0.66,0.66,N,W
831,2.01,660,660,1260,3126,2868,0,0,2,4,BSAE,16,4,241,Calculus & Analytical Geom I,AU,0,,,,,3,3,-0.99,-0.99,BSAE,0,0,0,1,12,3,3,-0.99,-0.99,N,W
839,3.11,760,760,1400,4026,3888,4,1,2,7,BSAE,16,4,242,Calculus & Analytical Geom II,D,1,,,,,1.5,1.5,1.61,1.61,BSAE,1,0,0,1,20,1.5,1.5,1.61,1.61,N,S
354,3.9,680,680,1220,4240,4340,3,1,2,7,BSAE,16,4,241,Calculus & Analytical Geom I,A,4,,,,,3.625,3.625,0.275,0.275,BSAE,0,0,0,1,120,3.847,3.847,0.053,0.053,G,G
210,3.13,660,650,1310,3838,3814,3,1,2,7,BSAE,13,,,,,,,,,,2.308,2.308,0.822,0.822,BSAE,0,0,0,1,129,3,3,0.13,0.13,G,G
228,3.76,770,680,1450,4386,4458,3,1,2,9,BSAE,15,5,345,Differential Eq & Matrix Meth,A,4,,,,,4,4,-0.24,-0.24,BSAE,0,0,0,1,89,3.986,3.986,-0.226,-0.226,N,W
75,3.91,600,640,1240,4226,4368,4,1,1,7,BSAE,16,4,241,Calculus & Analytical Geom I,A,4,,,,,3.625,3.625,0.285,0.285,BSAE,0,0,0,1,134,3.463,3.463,0.447,0.447,G,G
812,3.1,660,470,1130,3460,3610,0,0,2,7,BSME,16,4,140,College Algebra,AU,0,142,Trigonometry,C,2,3.154,3.154,-0.054,-0.054,BSHS,0,1,0,1,108,3.243,3.243,-0.143,-0.143,G,G
636,3.8,730,730,1360,4370,4400,3,1,2,5,BSCE,16,4,243,Calculus & Analytical Geom III,B,3,,,,,3.75,3.75,0.05,0.05,BSCE,0,0,0,1,126,3.699,3.699,0.101,0.101,G,G
444,3.57,660,650,1310,4102,4166,0,0,2,5,BSAE,16,4,241,Calculus & Analytical Geom I,B,3,,,,,2.813,2.813,0.757,0.757,BSAE,0,0,0,1,123,3.067,3.067,0.503,0.503,G,G
895,3.17,560,560,1060,3522,3596,2,1,2,7,BSEE,16,4,140,College Algebra,B,3,142,Trigonometry,B,3,2.625,2.625,0.545,0.545,BSEE,0,0,0,1,28,1.714,1.714,1.456,1.456,N,W
644,3.46,690,690,1350,4116,4118,3,1,2,7,BSSE,16,4,241,Calculus & Analytical Geom I,A,4,,,,,3.625,3.625,-0.165,-0.165,BSSE,1,0,0,1,116,3.3,3.3,0.16,0.16,G,G
38,3.6,540,560,1070,3790,3950,4,1,2,9,BSAE,16,4,241,Calculus & Analytical Geom I,C,2,,,,,2.75,2.75,0.85,0.85,BSAE,0,0,0,1,138,3.019,3.019,0.581,0.581,G,G
304,3.15,620,620,1070,3580,3590,3,1,2,7,BSAE,16,4,241,Calculus & Analytical Geom I,B,3,,,,,3.188,3.188,-0.038,-0.038,BSA,0,1,0,1,54,2.362,2.362,0.788,0.788,N,W
624,3.7,580,580,1060,3860,4020,2,1,2,7,BSAE,17,4,241,Calculus & Analytical Geom I,B,3,,,,,2.941,2.941,0.759,0.759,BSAE,1,0,0,1,20,2.941,2.941,0.759,0.759,N,W
597,3.38,560,640,1200,3868,3904,2,1,2,7,BSAE,16,4,241,Calculus & Analytical Geom I,B,3,,,,,2.938,2.938,0.442,0.442,BSAE,1,0,0,1,0, ,0,,3.38,N,W
241,3.66,680,680,1290,4166,4218,0,0,1,7,BSAE,16,4,242,Calculus & Analytical Geom II,C,2,,,,,3.154,3.154,0.506,0.506,BSHFP,0,1,0,1,65,3.465,3.465,0.195,0.195,N,W
334,3.98,670,670,1320,4378,4504,4,1,2,7,BSAE,16,4,242,Calculus & Analytical Geom II,B,3,,,,,3.375,3.375,0.605,0.605,BSME,1,0,0,1,126,3.356,3.356,0.624,0.624,G,G
377,3.5,630,630,1240,3970,4040,4,1,1,9,BSAE,16,4,243,Calculus & Analytical Geom III,A,4,,,,,3.813,3.813,-0.313,-0.313,BSAE,0,0,0,1,149.4,3.661,3.661,-0.161,-0.161,G,G
300,3.78,660,560,1220,4048,4244,2,1,2,7,BSAE,16,4,242,Calculus & Analytical Geom II,C,2,,,,,2.692,2.692,1.088,1.088,BSAE,0,0,0,1,38,3.15,3.15,0.63,0.63,N,W
961,3.58,560,640,1150,3938,4014,3,1,2,7,BSME,16,4,241,Calculus & Analytical Geom I,B,3,,,,,3.231,3.231,0.349,0.349,BSBA,1,1,0,1,13,3.231,3.231,0.349,0.349,N,W
710,3.46,520,620,1140,3836,3908,3,1,2,7,BSAE,17,4,241,Calculus & Analytical Geom I,A,4,,,,,3.6,3.6,-0.14,-0.14,BSHS,0,1,0,1,120,3.875,3.875,-0.415,-0.415,G,G
902,3.72,580,640,1220,4092,4196,4,1,2,7,BSAE,17,4,241,Calculus & Analytical Geom I,B,3,,,,,3.143,3.143,0.577,0.577,BSAE,1,0,0,1,134,3.027,3.027,0.693,0.693,G,G
414,2.57,580,780,1360,3682,3416,2,1,2,7,BSAE,16,4,241,Calculus & Analytical Geom I,B,3,,,,,1.846,1.846,0.724,0.724,BSCM,0,0,0,1,77,2.57,2.57,0,0,N,W
286,2.94,590,540,1130,3434,3482,3,1,2,7,BSAE,13,2,112,College Math for Aviation II,F,0,,,,,1.385,1.385,1.555,1.555,BSAS,0,1,0,1,137,2.556,2.556,0.384,0.384,G,G
635,3.84,540,680,1220,4204,4292,2,1,2,7,BSAE,17,4,242,Calculus & Analytical Geom II,B,3,,,,,3.059,3.059,0.781,0.781,BSAE,0,0,0,1,147,3.06,3.06,0.78,0.78,G,G
477,3.22,570,570,1080,3582,3656,1,0,2,7,BSEP,14,4,241,Calculus & Analytical Geom I,C,2,,,,,2.214,2.214,1.006,1.006,BSCM,0,0,0,1,117,2.804,2.804,0.416,0.416,G,G
405,2.6,500,500,990,3050,3070,4,1,2,7,BSAE,15,4,241,Calculus & Analytical Geom I,D,1,,,,,1.692,1.692,0.908,0.908,BSA,0,1,0,1,106,2.081,2.081,0.519,0.519,G,G
601,2.3,670,670,1250,3300,3090,3,1,2,7,NDCOE,16,4,241,Calculus & Analytical Geom I,C,2,,,,,1.813,1.813,0.487,0.487,BSCE,1,0,0,1,117,2.11,2.11,0.19,0.19,G,G
435,2.82,590,600,1160,3452,3416,0,0,2,7,BSAE,14,4,242,Calculus & Analytical Geom II,F,0,,,,,1.357,1.357,1.463,1.463,BSATM,0,1,0,1,140,2.952,2.952,-0.132,-0.132,G,G
370,3.53,590,590,1010,3718,3834,3,1,2,7,BSAE,15,4,140,College Algebra,A,4,142,Trigonometry,B,3,3.8,3.8,-0.27,-0.27,BSAE,0,0,0,1,133,2.927,2.927,0.603,0.603,G,G
285,4,740,740,1440,4580,4640,1,1,2,7,BSAE,16,4,243,Calculus & Analytical Geom III,A,4,,,,,3.625,3.625,0.375,0.375,BSAE,0,0,0,1,139,3.717,3.717,0.283,0.283,G,G
632,2.81,520,520,1020,3226,3268,1,1,2,7,BSCIV,15,4,241,Calculus & Analytical Geom I,B,3,,,,,2.933,2.933,-0.123,-0.123,BSCIV,0,0,0,1,157,2.872,2.872,-0.062,-0.062,G,G
5,3.6,750,750,1430,4340,4310,4,1,2,9,BSAE,17,4,242,Calculus & Analytical Geom II,B,3,,,,,3.588,3.588,0.012,0.012,BSAE,0,0,0,1,143,3.474,3.474,0.126,0.126,G,G
873,2.68,540,560,1080,3248,3224,0,0,2,7,NDCOE,15,1,6,Intermediate Algebra,B,3,,,,,2.75,2.75,-0.07,-0.07,BSABA,0,1,0,1,117,2.26,2.26,0.42,0.42,G,G
913,2.96,570,540,1110,3426,3478,0,0,2,7,NDCOE,16,4,241,Calculus & Analytical Geom I,C,2,,,,,2.75,2.75,0.21,0.21,BSME,0,0,0,1,112,2.197,2.197,0.763,0.763,G,G
917,3.5,580,540,1120,3760,3920,3,1,2,7,BSCIV,16,4,241,Calculus & Analytical Geom I,D,1,,,,,2.385,2.385,1.115,1.115,BSBA,0,1,0,1,28,2.387,2.387,1.113,1.113,N,W
490,3.7,580,580,1090,3890,4050,0,0,2,7,BSCIV,16,4,241,Calculus & Analytical Geom I,B,3,,,,,2.75,2.75,0.95,0.95,BSCIV,1,0,0,1,27,2.75,2.75,0.95,0.95,N,W
865,3.24,540,540,1080,3564,3672,1,0,2,7,BSME,17,4,241,Calculus & Analytical Geom I,B,3,,,,,3.235,3.235,0.005,0.005,BSME,0,0,0,1,128,2.893,2.893,0.347,0.347,G,G
215,3.76,700,700,1320,4276,4328,2,1,2,7,BSME,16,4,243,Calculus & Analytical Geom III,A,4,,,,,4,4,-0.24,-0.24,BSME,1,0,0,1,116,3.946,3.946,-0.186,-0.186,G,G
787,2.89,570,620,1130,3484,3442,3,1,2,7,BSEP,15,4,241,Calculus & Analytical Geom I,B,3,,,,,2.867,2.867,0.023,0.023,BSEP,0,0,0,1,134,2,2,0.89,0.89,G,G
594,3.7,610,610,1070,3900,4030,4,1,2,7,BSAE,16,4,242,Calculus & Analytical Geom II,B,3,,,,,3.375,3.375,0.325,0.325,BSAE,0,0,0,1,127,2.427,2.427,1.273,1.273,G,G
729,2.83,560,560,1070,3328,3334,3,1,2,5,BSAE,16,4,241,Calculus & Analytical Geom I,F,0,,,,,1.313,1.313,1.517,1.517,BSAE,0,0,0,1,19,2.316,2.316,0.514,0.514,N,W
199,3.76,660,630,1290,4176,4298,4,1,2,7,BSME,16,4,241,Calculus & Analytical Geom I,B,3,,,,,2.813,2.813,0.947,0.947,BSASP,1,1,0,1,25,2.464,2.464,1.296,1.296,N,W
157,3.8,800,800,1460,4540,4500,2,1,2,7,BSSP,15,4,242,Calculus & Analytical Geom II,B,3,,,,,3.467,3.467,0.333,0.333,BSME,1,0,0,1,137,3.41,3.41,0.39,0.39,G,G
471,3.6,590,590,1140,3890,4020,1,0,2,7,BSAE,15,4,140,College Algebra,A,4,142,Trigonometry,A,4,4,4,-0.4,-0.4,BSAE,0,0,0,1,136,2.75,2.75,0.85,0.85,G,G
454,3.24,640,640,1100,3684,3692,4,1,2,7,BSAE,17,4,241,Calculus & Analytical Geom I,B,3,,,,,2.857,2.857,0.383,0.383,BSCE,0,0,0,1,143,3.156,3.156,0.084,0.084,G,G
145,3.98,580,580,1160,4128,4344,4,1,2,7,BSAE,16,4,241,Calculus & Analytical Geom I,A,4,,,,,3.438,3.438,0.542,0.542,BSME,1,0,0,1,136,3.343,3.343,0.637,0.637,G,G
734,3.9,580,520,1100,3960,4220,3,1,1,7,BSAE,16,4,241,Calculus & Analytical Geom I,B,3,,,,,2.625,2.625,1.275,1.275,BSAE,0,0,0,1,128,2.621,2.621,1.279,1.279,G,G
340,3.8,620,650,1270,4200,4310,0,0,2,7,BSAE,16,4,241,Calculus & Analytical Geom I,A,4,,,,,3.688,3.688,0.112,0.112,BSAE,1,0,0,1,125.1,3.712,3.712,0.088,0.088,G,G
548,3.7,720,640,1360,4220,4320,4,1,2,7,BSAE,16,4,242,Calculus & Analytical Geom II,C,2,,,,,2.938,2.938,0.762,0.762,BSAE,0,0,0,1,131,3.091,3.091,0.609,0.609,G,G
25,3.47,660,620,1280,3982,4056,4,1,2,2,BSAE,16,4,241,Calculus & Analytical Geom I,B,3,,,,,2.923,2.923,0.547,0.547,BSEP,1,0,0,1,118,2.975,2.975,0.495,0.495,G,G
109,3.19,620,640,1200,3754,3752,4,1,1,7,BSAE,16,4,241,Calculus & Analytical Geom I,B,3,,,,,2.615,2.615,0.575,0.575,BSHS,1,1,0,1,131,2.864,2.864,0.326,0.326,G,G
679,2.846,600,600,1200,3507.6,3476.8,0,0,2,7,BSAE,15,4,140,College Algebra,W,0,142,Trigonometry,W,0, ,0,,2.846,BSAE,0,0,0,1,0, ,0,,2.846,N,W
181,3.54,730,780,1390,4294,4222,0,0,2,7,BSAE,15,4,243,Calculus & Analytical Geom III,A,4,,,,,3.8,3.8,-0.26,-0.26,BSAE,0,0,0,1,57,3.8,3.8,-0.26,-0.26,N,W
692,3.9,640,640,1180,4160,4300,1,0,1,7,BSAE,16,4,243,Calculus & Analytical Geom III,F,0,,,,,1.462,1.462,2.438,2.438,BSAE,0,0,0,1,57,2.903,2.903,0.997,0.997,N,W
694,3.98,790,780,1570,4738,4754,4,1,2,7,BSAE,17,4,243,Calculus & Analytical Geom III,A,4,,,,,3,3,0.98,0.98,BSAE,1,0,0,1,122,3.122,3.122,0.858,0.858,G,G
364,3.64,650,650,1250,4084,4162,3,1,2,7,BSAE,16,4,243,Calculus & Analytical Geom III,C,2,,,,,3.125,3.125,0.515,0.515,BSAE,0,0,0,1,96.8,2.889,2.889,0.751,0.751,N,W
627,4,700,740,1440,4580,4640,4,1,2,7,BSAE,16,4,243,Calculus & Analytical Geom III,A,4,,,,,4,4,0,0,BSAE,0,0,0,1,126,4,4,0,0,G,G
460,3.7,650,650,1300,4170,4260,3,1,2,7,BSAE,16,4,242,Calculus & Analytical Geom II,D,1,,,,,2.938,2.938,0.762,0.762,BSAE,1,0,0,1,150,3.069,3.069,0.631,0.631,G,G
860,3.66,650,650,1130,3976,4058,4,1,2,4,BSAE,16,4,241,Calculus & Analytical Geom I,A,4,,,,,3.688,3.688,-0.028,-0.028,BSAE,1,0,0,1,127,3.397,3.397,0.263,0.263,G,G
82,3.91,760,780,1440,4566,4568,4,1,2,7,BSAE,16,6,399,Special Topics in Mathematics,A,4,441,Advanced Engineering Math I,A,4,3.813,3.813,0.097,0.097,BSAE,0,0,0,1,124,3.458,3.458,0.452,0.452,G,G
496,3.93,610,610,1150,4118,4294,0,0,2,7,BSAEL,17,2,112,College Math for Aviation II,B,3,,,,,3.267,3.267,0.663,0.663,BSAS,1,1,0,1,24,3.267,3.267,0.663,0.663,N,W
324,3.09,670,670,1160,3684,3632,4,1,1,4,BSAE,16,4,241,Calculus & Analytical Geom I,B,3,,,,,2.5,2.5,0.59,0.59,BSAE,0,0,0,1,126,2.729,2.729,0.361,0.361,G,G
907,3.49,570,520,1090,3704,3882,2,1,2,7,BSAE,15,4,140,College Algebra,A,4,142,Trigonometry,B,3,3.2,3.2,0.29,0.29,BSAE,0,0,0,1,6,4,4,-0.51,-0.51,N,W
714,3.01,530,530,1030,3366,3438,2,1,2,7,BSAE,15,3,140,College Algebra,C,2,,,,,3.2,3.2,-0.19,-0.19,BSAE,1,0,0,1,24,1.645,1.645,1.365,1.365,N,S
59,3,640,620,1260,3680,3660,4,1,2,7,BSAE,17,4,241,Calculus & Analytical Geom I,F,0,,,,,1.429,1.429,1.571,1.571,BSATM,1,1,0,1,104,3.173,3.173,-0.173,-0.173,G,G
131,3.71,590,640,1230,4096,4198,4,1,2,7,BSSP,16,4,241,Calculus & Analytical Geom I,B,3,,,,,3.688,3.688,0.022,0.022,BSSP,1,0,0,1,129,3.578,3.578,0.132,0.132,G,G
939,2.3,640,640,1210,3230,3050,0,0,2,7,BSAE,16,4,241,Calculus & Analytical Geom I,D,1,,,,,1.438,1.438,0.862,0.862,BSAE,0,0,0,1,19,1.842,1.842,0.458,0.458,N,S
940,3.97,640,620,1260,4262,4436,0,0,2,7,BSAE,17,4,243,Calculus & Analytical Geom III,C,2,,,,,2.647,2.647,1.323,1.323,BSAE,0,0,0,1,125,3.035,3.035,0.935,0.935,G,G
703,3.75,650,650,1290,4190,4290,2,1,2,7,BSAE,16,4,241,Calculus & Analytical Geom I,A,4,,,,,3.688,3.688,0.062,0.062,BSAE,0,0,0,1,123,3.125,3.125,0.625,0.625,G,G
619,3.59,550,550,990,3694,3862,2,1,1,2,BSAE,17,4,241,Calculus & Analytical Geom I,A,4,,,,,2.882,2.882,0.708,0.708,BSAE,1,0,0,1,127,3.047,3.047,0.543,0.543,G,G
562,3.65,700,650,1350,4190,4270,4,1,1,7,BSAE,17,4,241,Calculus & Analytical Geom I,B,3,,,,,3.071,3.071,0.579,0.579,BSAE,1,0,0,1,138,3.144,3.144,0.506,0.506,G,G
716,3.88,630,630,1150,4108,4254,4,1,2,7,BSAE,16,4,242,Calculus & Analytical Geom II,D,1,,,,,1.938,1.938,1.942,1.942,BSAE,1,0,0,1,119,2.725,2.725,1.155,1.155,G,G
507,3.71,600,620,1220,4066,4188,4,1,2,7,BSSE,15,4,242,Calculus & Analytical Geom II,C,2,,,,,2.933,2.933,0.777,0.777,BSSE,1,0,0,1,130,3.168,3.168,0.542,0.542,G,G
53,2.88,530,620,1070,3418,3374,0,0,2,7,BSEE,15,4,242,Calculus & Analytical Geom II,F,0,,,,,0.833,0.833,2.047,2.047,BSEE,0,0,0,1,18,2.833,2.833,0.047,0.047,N,W
707,3.04,580,580,1050,3454,3482,0,0,2,7,BSAE,16,4,241,Calculus & Analytical Geom I,F,0,,,,,0.429,0.429,2.611,2.611,BSAE,0,0,0,1,3, ,0,,3.04,N,W
355,3.88,650,650,1230,4208,4334,3,1,2,9,BSME,17,4,243,Calculus & Analytical Geom III,A,4,,,,,4,4,-0.12,-0.12,BSME,1,0,0,1,129,3.585,3.585,0.295,0.295,G,G
833,3.02,520,540,1060,3412,3476,3,1,2,7,NDCOE,15,4,140,College Algebra,C,2,142,Trigonometry,B,3,2.8,2.8,0.22,0.22,NDCOE,0,0,0,1,15,2.8,2.8,0.22,0.22,N,W
557,2.96,530,540,990,3306,3358,0,0,2,7,BSAE,17,4,241,Calculus & Analytical Geom I,B,3,,,,,2.412,2.412,0.548,0.548,BSAE,0,0,0,1,26,2.412,2.412,0.548,0.548,N,W
179,4,670,720,1390,4510,4590,0,0,2,7,BSCE,17,4,243,Calculus & Analytical Geom III,A,4,,,,,3.353,3.353,0.647,0.647,BSCE,1,0,0,1,38,3.353,3.353,0.647,0.647,N,W
