hsgpa,SUPER V,SUPER M,Superset,STEMINDEX,NONSTEM INDEX,AL,termhrs,Math Tier,CRS1 name,gradeN,1TG Bla,1T GD z,Change,RATE
2.24,560,540,1100,2984,2892,4,15,4,College Algebra,4,3.667,-1.427,0,N
2.48,630,630,1120,3238,3104,4,15,4,College Algebra,4,3.8,-1.32,0,G
1.7,610,610,1130,2760,2490,4,17,4,Calculus & Analytical Geom I,4,2.882,-1.182,0,G
2.7,590,590,1080,3290,3240,3,16,4,Calculus & Analytical Geom I,4,3.769,-1.069,1,N
2.42,590,590,1060,3102,2996,0,16,4,Calculus & Analytical Geom II,3,3.438,-1.018,0,N
2.01,660,660,1260,3126,2868,0,16,4,Calculus & Analytical Geom I,0,3,-0.99,0,N
2.42,630,630,1190,3272,3126,3,15,1,Intermediate Algebra,4,3.067,-0.647,0,N
2.48,460,460,880,2828,2864,2,13,1,Intermediate Algebra,2,3.077,-0.597,0,N
3.23,650,530,1180,3648,3764,2,15,1,Intermediate Algebra,4,3.8,-0.57,1,G
3.6,590,590,1140,3890,4020,1,15,4,College Algebra,4,4,-0.4,0,G
2.82,580,650,1230,3572,3486,0,16,4,Calculus & Analytical Geom II,3,3.188,-0.368,0,G
3.05,620,620,1240,3690,3680,0,17,4,Calculus & Analytical Geom I,3,3.412,-0.362,1,G
3.48,640,640,1200,3928,3984,1,16,4,Calculus & Analytical Geom II,4,3.813,-0.333,0,G
3.31,590,580,1170,3736,3818,0,16,4,Calculus & Analytical Geom II,4,3.625,-0.315,0,G
3.5,730,730,1250,4080,4050,2,16,4,Calculus & Analytical Geom I,4,3.813,-0.313,1,G
3.5,630,630,1240,3970,4040,4,16,4,Calculus & Analytical Geom III,4,3.813,-0.313,0,G
3.3,570,570,1130,3680,3770,3,12,1,Intermediate Algebra,4,3.583,-0.283,0,G
3.53,590,590,1010,3718,3834,3,15,4,College Algebra,4,3.8,-0.27,0,G
3.55,650,630,1280,4040,4120,4,16,4,Calculus & Analytical Geom I,4,3.813,-0.263,0,N
3.54,730,780,1390,4294,4222,0,15,4,Calculus & Analytical Geom III,4,3.8,-0.26,0,N
3.56,670,670,1150,3956,3998,1,16,4,Calculus & Analytical Geom I,4,3.813,-0.253,1,N
3.76,770,680,1450,4386,4458,3,15,5,Differential Eq & Matrix Meth,4,4,-0.24,0,N
3.76,700,700,1320,4276,4328,2,16,4,Calculus & Analytical Geom III,4,4,-0.24,1,G
3.21,600,600,1110,3636,3678,4,14,4,Calculus & Analytical Geom II,3,3.429,-0.219,0,G
3.61,620,620,1090,3876,3978,3,17,4,Calculus & Analytical Geom III,4,3.824,-0.214,0,G
2.3,430,440,840,2660,2680,0,14,2,College Math for Aviation I,0,2.5,-0.2,0,N
3.8,750,790,1430,4500,4470,0,17,4,Calculus & Analytical Geom II,4,4,-0.2,1,G
3.01,530,530,1030,3366,3438,2,15,3,College Algebra,2,3.2,-0.19,1,N
3,630,680,1200,3680,3600,3,16,4,Calculus & Analytical Geom I,3,3.188,-0.188,0,G
3.46,690,690,1350,4116,4118,3,16,4,Calculus & Analytical Geom I,4,3.625,-0.165,1,G
3.84,640,640,1200,4144,4272,2,16,4,Calculus & Analytical Geom I,4,4,-0.16,0,G
3.86,680,680,1310,4306,4398,4,16,4,Calculus & Analytical Geom I,4,4,-0.14,1,G
3.36,680,680,1260,3956,3948,4,16,4,Calculus & Analytical Geom III,4,3.5,-0.14,0,G
3.46,520,620,1140,3836,3908,3,17,4,Calculus & Analytical Geom I,4,3.6,-0.14,0,G
3.68,670,670,1270,4148,4214,3,16,4,Calculus & Analytical Geom I,4,3.813,-0.133,1,G
3.87,620,600,1220,4142,4316,4,14,4,Calculus & Analytical Geom I,4,4,-0.13,0,G
2.81,520,520,1020,3226,3268,1,15,4,Calculus & Analytical Geom I,3,2.933,-0.123,0,G
3.88,650,650,1230,4208,4334,3,17,4,Calculus & Analytical Geom III,4,4,-0.12,1,G
3.01,650,680,1150,3636,3558,0,16,4,Calculus & Analytical Geom I,4,3.125,-0.115,0,N
3.7,710,710,1220,4150,4180,4,16,4,Calculus & Analytical Geom I,4,3.813,-0.113,0,G
3.7,710,710,1320,4250,4280,0,16,4,Calculus & Analytical Geom I,4,3.813,-0.113,1,N
3.89,720,680,1400,4414,4512,0,14,4,Calculus & Analytical Geom III,4,4,-0.11,0,G
3.56,680,680,1240,4056,4088,3,15,4,Calculus & Analytical Geom III,4,3.667,-0.107,1,G
3.71,550,620,1140,3986,4108,4,16,4,Calculus & Analytical Geom I,4,3.813,-0.103,0,G
3.9,730,730,1390,4460,4510,4,16,4,Calculus & Analytical Geom III,4,4,-0.1,1,G
2.67,340,460,800,2862,2936,1,17,3,Trigonometry,2,2.765,-0.095,0,N
2.68,540,560,1080,3248,3224,0,15,1,Intermediate Algebra,3,2.75,-0.07,0,G
3.94,590,590,1130,4084,4282,4,16,4,Calculus & Analytical Geom I,4,4,-0.06,0,G
3.1,660,470,1130,3460,3610,0,16,4,College Algebra,0,3.154,-0.054,0,G
3.95,720,720,1440,4530,4600,0,16,4,Calculus & Analytical Geom II,4,4,-0.05,0,G
3.95,700,680,1380,4430,4540,4,16,4,Calculus & Analytical Geom III,4,4,-0.05,1,G
3.95,710,710,1360,4440,4520,2,16,4,Calculus & Analytical Geom II,4,4,-0.05,0,G
3.65,660,660,1200,4050,4120,1,16,4,Calculus & Analytical Geom I,4,3.688,-0.038,0,G
3.15,620,620,1070,3580,3590,3,16,4,Calculus & Analytical Geom I,3,3.188,-0.038,0,N
3.97,690,690,1360,4432,4536,0,16,4,Calculus & Analytical Geom II,4,4,-0.03,0,G
3.97,700,700,1370,4452,4546,4,15,4,Calculus & Analytical Geom III,4,4,-0.03,1,G
3.66,650,650,1130,3976,4058,4,16,4,Calculus & Analytical Geom I,4,3.688,-0.028,1,G
4,540,680,1220,4300,4420,4,14,4,Calculus & Analytical Geom II,4,4,0,0,G
4,720,620,1340,4360,4540,2,16,4,Calculus & Analytical Geom I,4,4,0,0,G
4,780,780,1380,4560,4580,2,16,4,Calculus & Analytical Geom II,4,4,0,1,G
4,720,700,1420,4520,4620,3,17,4,Calculus & Analytical Geom II,4,4,0,1,G
4,700,740,1440,4580,4640,4,16,4,Calculus & Analytical Geom III,4,4,0,0,G
3.24,540,540,1080,3564,3672,1,17,4,Calculus & Analytical Geom I,3,3.235,0.005,0,G
3.51,650,650,1280,4036,4088,0,16,4,Calculus & Analytical Geom II,4,3.5,0.01,0,G
3.6,750,750,1430,4340,4310,4,17,4,Calculus & Analytical Geom II,3,3.588,0.012,0,G
2.89,650,650,1070,3454,3382,0,16,4,Calculus & Analytical Geom I,3,2.875,0.015,1,G
3.71,590,640,1230,4096,4198,4,16,4,Calculus & Analytical Geom I,3,3.688,0.022,1,G
2.89,570,620,1130,3484,3442,3,15,4,Calculus & Analytical Geom I,3,2.867,0.023,0,G
3.65,620,680,1280,4150,4200,0,16,4,Calculus & Analytical Geom I,4,3.625,0.025,0,G
3.6,580,550,1130,3840,4010,3,16,1,Intermediate Algebra,3,3.563,0.037,0,N
2.8,650,650,1180,3510,3420,4,16,4,Calculus & Analytical Geom I,2,2.75,0.05,0,G
3.8,730,730,1360,4370,4400,3,16,4,Calculus & Analytical Geom III,3,3.75,0.05,0,G
3.43,700,700,1340,4098,4084,1,16,4,Calculus & Analytical Geom II,3,3.375,0.055,0,G
3.77,420,560,980,3802,3996,4,17,4,Calculus & Analytical Geom I,4,3.714,0.056,0,G
3.75,650,650,1210,4110,4210,3,16,4,Calculus & Analytical Geom I,4,3.688,0.062,1,G
3.75,650,650,1290,4190,4290,2,16,4,Calculus & Analytical Geom I,4,3.688,0.062,0,G
3,530,510,1040,3350,3440,0,15,4,College Algebra,2,2.933,0.067,0,N
2.5,520,460,980,2940,2980,2,15,4,College Algebra,0,2.417,0.083,1,G
2.66,570,570,1080,3246,3208,1,14,4,Calculus & Analytical Geom I,2,2.571,0.089,1,G
3.28,710,710,1300,3978,3924,4,16,4,Calculus & Analytical Geom III,3,3.188,0.092,0,N
3.91,760,780,1440,4566,4568,4,16,6,Special Topics in Mathematics,4,3.813,0.097,0,G
3.7,590,590,1110,3920,4070,2,15,4,Calculus & Analytical Geom I,4,3.6,0.1,0,G
2.35,600,640,1240,3290,3120,2,16,2,College Math for Aviation II,3,2.25,0.1,0,N
3.17,710,710,1330,3942,3866,3,16,4,Calculus & Analytical Geom I,4,3.063,0.107,1,N
3.3,700,700,1330,4010,3970,4,16,4,Calculus & Analytical Geom II,3,3.188,0.112,0,N
3.3,720,620,1340,3940,3980,1,16,4,Calculus & Analytical Geom I,3,3.188,0.112,0,G
3.8,620,650,1270,4200,4310,0,16,4,Calculus & Analytical Geom I,4,3.688,0.112,1,G
3.76,650,650,1170,4076,4178,0,17,4,Calculus & Analytical Geom I,4,3.647,0.113,0,N
3.7,630,630,1150,4000,4110,0,16,4,Calculus & Analytical Geom II,3,3.583,0.117,0,G
3.93,780,780,1320,4458,4464,4,16,4,Calculus & Analytical Geom I,4,3.813,0.117,1,G
3.68,640,620,1260,4088,4204,4,16,4,Calculus & Analytical Geom II,3,3.563,0.117,1,G
3.43,490,600,1090,3748,3834,2,16,4,Calculus & Analytical Geom I,4,3.313,0.117,0,N
3.744,570,580,1120,3946.4,4115.2,1,16,1,Intermediate Algebra,3,3.625,0.119,0,G
3,570,570,1090,3460,3490,3,16,4,Calculus & Analytical Geom II,3,2.875,0.125,1,N
3,580,650,1230,3680,3630,0,16,4,Calculus & Analytical Geom II,3,2.875,0.125,1,N
3.84,730,630,1360,4294,4432,4,15,4,Calculus & Analytical Geom I,4,3.714,0.126,1,G
3.96,560,560,1100,4036,4268,4,12,,,,3.833,0.127,0,N
3.32,640,640,1000,3632,3656,4,16,4,Calculus & Analytical Geom II,3,3.188,0.132,1,G
3.7,520,520,1030,3770,3990,3,16,4,Calculus & Analytical Geom I,3,3.563,0.137,1,G
3.7,660,640,1300,4160,4260,4,16,4,Calculus & Analytical Geom I,4,3.563,0.137,0,N
3.7,700,700,1240,4160,4200,0,16,4,Calculus & Analytical Geom II,3,3.563,0.137,0,N
3.85,620,620,1060,3990,4140,4,17,4,Calculus & Analytical Geom I,4,3.706,0.144,1,G
3.96,580,600,1120,4096,4288,0,16,4,Calculus & Analytical Geom I,4,3.813,0.147,0,G
3.9,690,690,1350,4380,4470,3,16,4,Calculus & Analytical Geom II,3,3.75,0.15,0,G
3.94,670,680,1350,4394,4502,0,17,4,Calculus & Analytical Geom I,4,3.786,0.154,1,G
2.98,610,640,1060,3488,3444,0,17,4,Calculus & Analytical Geom I,3,2.824,0.156,1,G
3.69,470,560,1030,3804,3982,3,15,3,Trigonometry,3,3.533,0.157,0,N
3.61,730,730,1400,4296,4288,3,16,4,Calculus & Analytical Geom I,4,3.438,0.172,0,G
3.8,590,640,1170,4090,4210,0,16,4,Calculus & Analytical Geom I,4,3.625,0.175,1,G
3.55,630,630,1170,3930,4010,4,16,4,College Algebra,3,3.375,0.175,0,G
3.91,740,680,1420,4446,4548,0,15,5,Differential Eq & Matrix Meth,3,3.733,0.177,0,G
4,610,610,1160,4170,4360,0,16,4,Calculus & Analytical Geom I,4,3.813,0.187,0,G
4,660,720,1380,4500,4580,4,16,4,Calculus & Analytical Geom II,4,3.813,0.187,0,G
3.6,740,620,1360,4140,4240,4,17,4,Calculus & Analytical Geom I,3,3.412,0.188,1,G
3,590,520,1110,3430,3510,3,15,4,College Algebra,2,2.8,0.2,0,G
4,700,600,1300,4300,4500,3,15,4,College Algebra,4,3.8,0.2,1,N
2.7,520,520,960,3100,3120,0,16,4,Calculus & Analytical Geom I,1,2.5,0.2,0,G
3.97,620,620,1190,4192,4366,1,16,2,College Math for Aviation I,3,3.769,0.201,0,N
3.77,760,790,1450,4502,4466,1,16,4,Calculus & Analytical Geom II,3,3.563,0.207,0,N
2.96,570,540,1110,3426,3478,0,16,4,Calculus & Analytical Geom I,2,2.75,0.21,0,G
4,660,580,1240,4220,4440,2,14,4,Calculus & Analytical Geom II,4,3.786,0.214,0,G
3.93,700,680,1380,4418,4524,0,15,4,Calculus & Analytical Geom III,4,3.714,0.216,1,G
3.72,690,690,1270,4192,4246,4,16,4,Calculus & Analytical Geom II,4,3.5,0.22,0,G
3.02,520,540,1060,3412,3476,3,15,4,College Algebra,2,2.8,0.22,0,N
3.41,780,780,1410,4236,4138,0,16,4,Calculus & Analytical Geom III,3,3.188,0.222,1,N
3.48,540,500,1040,3628,3824,1,15,1,Intermediate Algebra,4,3.25,0.23,0,N
3,500,500,900,3200,3300,2,13,1,Intermediate Algebra,4,2.769,0.231,1,G
4,550,550,1080,4030,4280,0,13,4,Calculus & Analytical Geom I,0,3.769,0.231,0,G
3.83,770,720,1490,4508,4554,0,17,5,Differential Eq & Matrix Meth,3,3.588,0.242,0,G
2.89,570,620,1140,3494,3452,0,17,4,College Algebra,2,2.647,0.243,1,N
2.86,560,530,1090,3336,3378,3,16,4,College Algebra,0,2.615,0.245,1,G
3.81,690,690,1270,4246,4318,1,16,4,Calculus & Analytical Geom III,3,3.563,0.247,0,G
4,630,630,1110,4140,4310,2,16,4,Calculus & Analytical Geom II,3,3.75,0.25,1,G
3.83,660,660,1320,4278,4384,3,16,4,Calculus & Analytical Geom I,3,3.563,0.267,0,G
3.19,580,580,1100,3594,3652,1,14,2,College Math for Aviation II,0,2.917,0.273,1,G
3.9,680,680,1220,4240,4340,3,16,4,Calculus & Analytical Geom I,4,3.625,0.275,0,G
3.7,490,490,910,3620,3870,3,15,4,Calculus & Analytical Geom I,4,3.417,0.283,1,N
3.91,600,640,1240,4226,4368,4,16,4,Calculus & Analytical Geom I,4,3.625,0.285,0,G
3.5,740,670,1410,4180,4210,2,14,4,Calculus & Analytical Geom III,2,3.214,0.286,0,G
4,640,680,1300,4380,4500,3,14,4,Calculus & Analytical Geom II,3,3.714,0.286,0,G
3.49,570,520,1090,3704,3882,2,15,4,College Algebra,4,3.2,0.29,0,N
2.43,770,660,1430,3548,3374,3,15,4,Calculus & Analytical Geom III,3,2.133,0.297,0,G
3.8,650,650,1280,4210,4320,0,17,4,Calculus & Analytical Geom I,3,3.5,0.3,1,N
3.93,640,640,1210,4208,4354,4,16,4,Calculus & Analytical Geom I,4,3.625,0.305,0,G
3.87,540,540,1080,3942,4176,4,16,4,Calculus & Analytical Geom I,3,3.563,0.307,0,G
3.38,510,580,1090,3698,3794,4,16,4,Calculus & Analytical Geom I,3,3.063,0.317,0,G
3.01,390,390,780,2976,3188,2,16,4,Calculus & Analytical Geom I,2,2.692,0.318,1,G
3.25,670,650,1320,3920,3920,1,14,4,Calculus & Analytical Geom I,4,2.929,0.321,0,G
3.61,770,740,1510,4416,4398,1,17,4,Calculus & Analytical Geom II,2,3.286,0.324,1,G
3.7,610,610,1070,3900,4030,4,16,4,Calculus & Analytical Geom II,3,3.375,0.325,0,G
3.86,650,650,1240,4206,4328,4,15,4,Calculus & Analytical Geom II,3,3.533,0.327,0,G
3.93,640,620,1260,4238,4404,4,15,4,Calculus & Analytical Geom I,4,3.6,0.33,1,G
3.8,800,800,1460,4540,4500,2,15,4,Calculus & Analytical Geom II,3,3.467,0.333,1,G
3.9,460,460,840,3640,3960,0,16,3,Trigonometry,0,3.563,0.337,0,N
3.26,520,540,1060,3556,3668,0,15,4,Calculus & Analytical Geom I,2,2.917,0.343,0,G
2.91,550,550,1090,3386,3418,1,16,4,Calculus & Analytical Geom I,2,2.563,0.347,0,N
3.7,690,690,1280,4190,4240,0,17,4,Calculus & Analytical Geom II,3,3.353,0.347,1,G
3.58,560,640,1150,3938,4014,3,16,4,Calculus & Analytical Geom I,3,3.231,0.349,1,N
2.75,490,440,930,3020,3130,2,15,1,Intermediate Algebra,3,2.4,0.35,0,N
3.41,570,640,1130,3816,3858,4,17,4,Calculus & Analytical Geom I,3,3.059,0.351,1,G
3.92,770,720,1490,4562,4626,4,16,4,Calculus & Analytical Geom II,3,3.563,0.357,1,G
3.8,630,630,1230,4140,4270,3,16,4,Calculus & Analytical Geom I,4,3.438,0.362,1,N
4,700,640,1340,4380,4540,3,16,4,Calculus & Analytical Geom III,4,3.625,0.375,1,G
4,740,740,1440,4580,4640,1,16,4,Calculus & Analytical Geom III,4,3.625,0.375,0,G
3.38,550,550,1090,3668,3794,1,16,4,Calculus & Analytical Geom I,3,3,0.38,0,G
3.24,640,640,1100,3684,3692,4,17,4,Calculus & Analytical Geom I,3,2.857,0.383,0,G
3.47,520,520,1030,3632,3806,4,16,1,Intermediate Algebra,3,3.067,0.403,1,N
3.58,720,720,1370,4238,4234,0,17,4,Calculus & Analytical Geom II,3,3.176,0.404,1,G
2.77,530,530,950,3142,3166,0,16,4,Calculus & Analytical Geom I,1,2.364,0.406,0,N
3.91,730,730,1250,4326,4378,4,16,4,Calculus & Analytical Geom II,4,3.5,0.41,0,G
3.11,610,620,1230,3716,3718,4,16,4,Calculus & Analytical Geom I,2,2.692,0.418,1,N
3.67,680,680,1270,4152,4206,4,16,4,Calculus & Analytical Geom III,1,3.25,0.42,1,G
3.42,570,600,1160,3812,3896,4,16,4,Calculus & Analytical Geom I,3,3,0.42,0,G
3.86,610,620,1140,4076,4228,4,16,4,Calculus & Analytical Geom I,4,3.438,0.422,0,G
3,520,540,1050,3390,3450,3,16,4,Calculus & Analytical Geom I,2,2.563,0.437,0,G
3.04,550,600,1140,3564,3572,3,15,4,Calculus & Analytical Geom I,2,2.6,0.44,0,N
3.38,560,640,1200,3868,3904,2,16,4,Calculus & Analytical Geom I,3,2.938,0.442,1,N
3.57,660,620,1280,4042,4136,4,16,4,Calculus & Analytical Geom I,4,3.125,0.445,1,N
3.82,720,680,1400,4372,4456,4,16,4,Calculus & Analytical Geom III,3,3.375,0.445,0,G
3.95,580,580,1160,4110,4320,0,16,4,Calculus & Analytical Geom I,0,3.5,0.45,0,N
3.2,490,440,930,3290,3490,4,16,4,Calculus & Analytical Geom I,2,2.75,0.45,0,G
3.83,690,610,1300,4208,4364,4,16,4,Calculus & Analytical Geom II,3,3.375,0.455,0,G
3.4,640,560,1200,3800,3920,4,17,4,Calculus & Analytical Geom I,3,2.941,0.459,0,G
3.9,790,640,1430,4410,4550,3,16,4,Calculus & Analytical Geom III,4,3.438,0.462,0,G
3.28,620,600,1220,3788,3844,0,16,4,Calculus & Analytical Geom I,4,2.813,0.467,0,G
3.85,540,700,1240,4250,4320,3,16,5,Differential Eq & Matrix Meth,3,3.375,0.475,1,G
3.55,640,700,1340,4170,4180,4,16,4,Calculus & Analytical Geom I,3,3.063,0.487,0,G
2.3,670,670,1250,3300,3090,3,16,4,Calculus & Analytical Geom I,2,1.813,0.487,1,G
3.74,510,540,1050,3834,4042,4,16,2,College Math for Aviation I,2,3.25,0.49,0,N
2.81,620,620,1090,3396,3338,0,16,4,Calculus & Analytical Geom I,1,2.313,0.497,0,G
3.81,620,700,1320,4306,4368,4,16,4,Calculus & Analytical Geom II,4,3.313,0.497,1,N
3.3,630,620,1250,3850,3890,3,14,4,Calculus & Analytical Geom I,0,2.8,0.5,0,N
3.9,480,480,910,3730,4030,1,15,4,College Algebra,4,3.4,0.5,0,G
4,620,650,1270,4320,4470,3,16,,,,3.5,0.5,0,N
3.66,680,680,1290,4166,4218,0,16,4,Calculus & Analytical Geom II,2,3.154,0.506,0,N
3.57,640,680,1320,4142,4176,0,16,4,Calculus & Analytical Geom I,2,3.063,0.507,0,N
3.64,650,650,1250,4084,4162,3,16,4,Calculus & Analytical Geom III,2,3.125,0.515,0,N
3.81,560,580,1140,4006,4188,3,17,4,Calculus & Analytical Geom I,3,3.286,0.524,0,G
2.78,570,570,1050,3288,3274,0,16,4,Trigonometry,3,2.25,0.53,1,G
2.71,510,560,1070,3256,3238,4,17,4,Calculus & Analytical Geom I,2,2.176,0.534,1,N
3.98,580,580,1160,4128,4344,4,16,4,Calculus & Analytical Geom I,4,3.438,0.542,1,G
3.9,780,780,1550,4670,4670,1,14,5,Differential Eq & Matrix Meth,3,3.357,0.543,1,G
3.17,560,560,1060,3522,3596,2,16,4,College Algebra,3,2.625,0.545,0,N
2.19,720,720,1260,3294,3012,3,17,4,Calculus & Analytical Geom I,3,1.643,0.547,0,N
3.47,660,620,1280,3982,4056,4,16,4,Calculus & Analytical Geom I,3,2.923,0.547,1,G
2.96,530,540,990,3306,3358,0,17,4,Calculus & Analytical Geom I,3,2.412,0.548,0,N
3.75,620,560,1180,3990,4180,2,16,4,Calculus & Analytical Geom I,3,3.188,0.562,0,G
4,670,620,1290,4310,4490,4,16,4,Calculus & Analytical Geom I,4,3.438,0.562,1,G
3.95,580,700,1280,4350,4440,4,16,3,College Algebra,3,3.375,0.575,0,G
3.19,620,640,1200,3754,3752,4,16,4,Calculus & Analytical Geom I,3,2.615,0.575,1,G
3.72,580,640,1220,4092,4196,4,17,4,Calculus & Analytical Geom I,3,3.143,0.577,1,G
3.15,460,460,920,3270,3440,0,17,,,,2.571,0.579,0,N
3.65,700,650,1350,4190,4270,4,17,4,Calculus & Analytical Geom I,3,3.071,0.579,1,G
3.9,760,670,1430,4440,4550,0,16,2,College Math for Aviation I,4,3.313,0.587,0,G
3.17,520,520,1040,3462,3576,3,15,1,Intermediate Algebra,2,2.583,0.587,0,N
3.79,580,580,1120,3974,4152,4,15,4,Calculus & Analytical Geom II,4,3.2,0.59,1,G
3.09,670,670,1160,3684,3632,4,16,4,Calculus & Analytical Geom I,3,2.5,0.59,0,G
3.53,600,600,1200,3918,4024,4,16,4,Calculus & Analytical Geom I,3,2.938,0.592,1,G
3.73,580,580,1100,3918,4084,4,15,4,Calculus & Analytical Geom I,3,3.133,0.597,0,G
3.18,580,580,1040,3528,3584,1,15,4,Calculus & Analytical Geom I,1,2.583,0.597,1,G
3,610,610,1190,3600,3590,1,15,2,College Math for Aviation II,3,2.4,0.6,0,N
3.07,460,460,880,3182,3336,3,15,1,Intermediate Algebra,2,2.467,0.603,0,G
2.89,560,560,1110,3404,3422,2,17,4,Calculus & Analytical Geom I,3,2.286,0.604,0,N
3.73,720,720,1350,4308,4334,3,16,4,Calculus & Analytical Geom II,3,3.125,0.605,1,N
3.98,670,670,1320,4378,4504,4,16,4,Calculus & Analytical Geom II,3,3.375,0.605,1,G
3.01,570,570,1030,3406,3438,1,15,4,College Algebra,3,2.4,0.61,0,G
4,620,640,1260,4300,4460,3,13,4,Calculus & Analytical Geom I,4,3.385,0.615,0,G
3.74,640,720,1360,4324,4352,0,16,4,Calculus & Analytical Geom II,3,3.125,0.615,1,G
3,610,610,1140,3550,3540,0,16,4,Calculus & Analytical Geom I,2,2.385,0.615,1,N
3.7,590,590,1170,3980,4130,3,16,4,Calculus & Analytical Geom II,3,3.077,0.623,0,G
3.86,650,650,1240,4206,4328,4,16,4,Calculus & Analytical Geom I,3,3.231,0.629,0,G
3.63,670,620,1290,4088,4194,4,16,4,Calculus & Analytical Geom III,3,3,0.63,1,N
3.63,540,600,960,3738,3864,4,15,4,Calculus & Analytical Geom I,3,3,0.63,0,G
3.82,610,560,1170,4022,4226,1,16,4,Trigonometry,3,3.188,0.632,0,N
3.84,460,450,910,3664,3982,4,15,3,College Algebra,2,3.2,0.64,0,G
4,720,720,1280,4400,4480,4,17,4,Calculus & Analytical Geom I,3,3.353,0.647,0,G
4,730,790,1460,4650,4660,0,17,4,Calculus & Analytical Geom II,4,3.353,0.647,0,G
4,670,720,1390,4510,4590,0,17,4,Calculus & Analytical Geom III,4,3.353,0.647,1,N
3.11,760,680,1440,3986,3928,3,16,4,Calculus & Analytical Geom III,4,2.462,0.648,0,N
3.83,620,620,1170,4088,4234,3,17,4,Calculus & Analytical Geom I,4,3.176,0.654,0,G
3.6,600,580,1180,3920,4060,3,17,4,Calculus & Analytical Geom I,4,2.941,0.659,1,N
3.86,590,590,1140,4046,4228,4,15,4,Calculus & Analytical Geom II,3,3.2,0.66,0,N
3.93,610,610,1150,4118,4294,0,17,2,College Math for Aviation II,3,3.267,0.663,1,N
3,660,660,1110,3570,3510,2,15,4,Calculus & Analytical Geom III,1,2.333,0.667,0,N
2.8,550,550,1050,3280,3290,4,16,4,College Algebra,0,2.125,0.675,1,N
3.5,520,720,1240,4060,4040,2,16,4,Calculus & Analytical Geom II,3,2.813,0.687,1,G
3.69,520,780,1300,4294,4252,2,16,4,Calculus & Analytical Geom I,4,3,0.69,1,N
3.7,700,700,1390,4310,4350,3,14,4,Calculus & Analytical Geom III,2,3,0.7,0,G
3.7,550,550,1100,3870,4060,3,15,4,Calculus & Analytical Geom I,2,3,0.7,0,N
3.7,600,640,1240,4100,4200,0,15,4,Calculus & Analytical Geom I,3,3,0.7,1,G
3.7,650,650,1050,3920,4010,0,16,4,Calculus & Analytical Geom II,3,3,0.7,0,N
3.59,550,550,990,3694,3862,2,17,4,Calculus & Analytical Geom I,4,2.882,0.708,1,G
3.02,520,480,1000,3292,3416,2,16,4,Calculus & Analytical Geom I,0,2.308,0.712,0,G
2.57,580,780,1360,3682,3416,2,16,4,Calculus & Analytical Geom I,3,1.846,0.724,0,N
2.93,590,590,1090,3438,3434,3,15,4,College Algebra,3,2.2,0.73,0,G
3.81,700,700,1220,4206,4268,1,16,4,Calculus & Analytical Geom I,4,3.077,0.733,0,N
3.05,660,660,1220,3710,3660,2,16,4,Calculus & Analytical Geom I,1,2.313,0.737,0,G
3.37,620,620,1190,3832,3886,4,16,4,Calculus & Analytical Geom I,3,2.625,0.745,0,G
3.88,660,660,1220,4208,4324,3,15,3,Trigonometry,1,3.133,0.747,0,N
2.94,520,560,1070,3394,3422,1,16,4,Calculus & Analytical Geom I,2,2.188,0.752,0,G
3.11,690,590,1280,3736,3768,4,13,4,Calculus & Analytical Geom I,1,2.357,0.753,1,G
3.57,660,650,1310,4102,4166,0,16,4,Calculus & Analytical Geom I,3,2.813,0.757,0,G
3.7,580,580,1060,3860,4020,2,17,4,Calculus & Analytical Geom I,3,2.941,0.759,1,N
3.7,610,610,1170,4000,4130,1,16,4,Calculus & Analytical Geom II,2,2.938,0.762,0,N
3.7,720,640,1360,4220,4320,4,16,4,Calculus & Analytical Geom II,2,2.938,0.762,0,G
3.7,650,650,1300,4170,4260,3,16,4,Calculus & Analytical Geom II,1,2.938,0.762,1,G
3.89,720,640,1360,4334,4472,2,17,4,Calculus & Analytical Geom I,4,3.118,0.772,0,N
3.59,490,490,920,3564,3792,0,16,4,Calculus & Analytical Geom I,2,2.813,0.777,1,G
3.71,600,620,1220,4066,4188,4,15,4,Calculus & Analytical Geom II,2,2.933,0.777,1,G
3.84,540,680,1220,4204,4292,2,17,4,Calculus & Analytical Geom II,3,3.059,0.781,0,G
3.02,660,660,1170,3642,3586,3,16,4,Calculus & Analytical Geom I,2,2.231,0.789,0,G
3,510,460,970,3230,3370,1,16,4,Calculus & Analytical Geom I,2,2.2,0.8,1,N
3.24,600,720,1300,3964,3892,3,16,4,Calculus & Analytical Geom II,3,2.438,0.802,0,N
3.07,560,720,1280,3842,3736,3,15,4,Calculus & Analytical Geom II,3,2.267,0.803,0,G
3.37,570,580,1060,3662,3756,0,16,4,Calculus & Analytical Geom I,2,2.563,0.807,0,G
3.5,600,580,1180,3860,3980,2,16,1,Intermediate Algebra,3,2.688,0.812,0,G
3.13,660,650,1310,3838,3814,3,13,,,,2.308,0.822,0,G
3.14,470,480,950,3314,3462,4,16,4,College Algebra,1,2.313,0.827,0,G
3.1,580,490,1070,3420,3550,1,15,1,Intermediate Algebra,3,2.267,0.833,1,N
3.42,610,610,1190,3852,3926,1,15,4,Calculus & Analytical Geom I,1,2.583,0.837,0,G
3.6,540,560,1070,3790,3950,4,16,4,Calculus & Analytical Geom I,2,2.75,0.85,0,G
3.8,580,580,1160,4020,4200,1,16,4,Calculus & Analytical Geom I,2,2.938,0.862,1,G
2.3,640,640,1210,3230,3050,0,16,4,Calculus & Analytical Geom I,1,1.438,0.862,0,N
3.45,520,520,1040,3630,3800,0,15,4,Calculus & Analytical Geom I,1,2.583,0.867,0,N
2.7,450,400,850,2870,3010,4,16,,,,1.833,0.867,0,N
3.3,600,600,1090,3670,3730,3,14,3,Trigonometry,3,2.429,0.871,1,N
2.8,640,640,1180,3500,3420,1,17,4,Calculus & Analytical Geom I,0,1.923,0.877,0,N
3.55,540,500,1040,3670,3880,2,15,4,Calculus & Analytical Geom I,3,2.667,0.883,0,G
2.51,320,440,760,2706,2768,4,13,1,Intermediate Algebra,2,1.615,0.895,1,G
3.55,570,570,1000,3700,3840,0,17,4,Calculus & Analytical Geom I,1,2.643,0.907,0,G
2.6,500,500,990,3050,3070,4,15,4,Calculus & Analytical Geom I,1,1.692,0.908,0,G
2.8,450,440,890,3010,3130,2,17,4,College Algebra,1,1.882,0.918,0,N
3.85,680,680,1280,4270,4360,3,16,4,Calculus & Analytical Geom I,3,2.923,0.927,0,G
3,460,460,880,3140,3280,2,14,4,Calculus & Analytical Geom I,1,2.071,0.929,1,N
3.37,680,680,1330,4032,4026,1,16,4,Calculus & Analytical Geom I,3,2.438,0.932,1,N
3,580,620,1180,3600,3580,0,16,4,Calculus & Analytical Geom I,2,2.063,0.937,1,G
3.21,560,500,1060,3486,3628,3,15,4,Calculus & Analytical Geom I,0,2.267,0.943,1,N
3.76,660,630,1290,4176,4298,4,16,4,Calculus & Analytical Geom I,3,2.813,0.947,1,N
3.7,580,580,1090,3890,4050,0,16,4,Calculus & Analytical Geom I,3,2.75,0.95,1,N
2.89,580,540,1120,3394,3432,3,16,3,College Algebra,1,1.938,0.952,1,G
3.69,540,600,1140,3954,4092,3,15,4,Calculus & Analytical Geom I,3,2.733,0.957,0,G
2.88,460,440,900,3068,3204,4,15,4,College Algebra,1,1.917,0.963,1,N
3.67,550,550,950,3702,3886,4,17,4,Calculus & Analytical Geom II,3,2.706,0.964,0,G
3.98,790,780,1570,4738,4754,4,17,4,Calculus & Analytical Geom III,4,3,0.98,1,G
3.83,610,740,1300,4338,4364,0,16,4,Calculus & Analytical Geom I,3,2.846,0.984,0,N
3.79,660,610,1270,4154,4302,3,15,4,Calculus & Analytical Geom II,3,2.8,0.99,0,G
2.7,360,580,940,3140,3100,1,17,4,Calculus & Analytical Geom I,2,1.706,0.994,0,N
3.46,570,580,1150,3806,3918,0,13,4,Calculus & Analytical Geom I,3,2.462,0.998,0,N
4,590,590,1120,4110,4320,4,16,4,Calculus & Analytical Geom II,3,3,1,1,G
3,520,580,1100,3480,3500,4,16,2,College Math for Aviation II,1,2,1,1,G
3.22,570,570,1080,3582,3656,1,14,4,Calculus & Analytical Geom I,2,2.214,1.006,0,G
3.21,700,580,1280,3786,3848,2,16,4,Calculus & Analytical Geom I,2,2.188,1.022,0,N
3.21,640,620,1260,3806,3828,0,16,4,Calculus & Analytical Geom I,2,2.188,1.022,0,N
3.15,630,580,1210,3680,3730,4,16,4,Calculus & Analytical Geom I,2,2.125,1.025,0,N
3.64,590,600,1170,3954,4082,1,13,4,Calculus & Analytical Geom I,3,2.615,1.025,0,G
3.5,580,580,1080,3760,3880,1,15,4,College Algebra,2,2.467,1.033,0,N
3.45,520,640,1160,3870,3920,3,16,4,Calculus & Analytical Geom II,1,2.412,1.038,0,N
3.42,600,600,1130,3782,3866,3,16,4,Calculus & Analytical Geom I,2,2.375,1.045,0,G
3.64,500,470,970,3624,3882,0,17,4,Calculus & Analytical Geom I,1,2.588,1.052,1,N
3.56,560,560,1050,3746,3898,3,16,4,Calculus & Analytical Geom I,1,2.5,1.06,0,N
4,700,700,1280,4380,4480,4,16,4,Calculus & Analytical Geom II,2,2.938,1.062,1,N
3.99,660,740,1400,4534,4592,4,17,4,Calculus & Analytical Geom I,3,2.917,1.073,1,N
4,660,600,1260,4260,4460,0,16,4,Calculus & Analytical Geom II,2,2.923,1.077,0,G
2.41,630,630,1230,3306,3158,0,15,4,College Algebra,1,1.333,1.077,1,N
3.78,660,560,1220,4048,4244,2,16,4,Calculus & Analytical Geom II,2,2.692,1.088,0,N
2.34,490,490,940,2834,2812,4,15,4,Calculus & Analytical Geom I,1,1.25,1.09,1,N
3.3,520,520,960,3460,3600,0,15,4,Calculus & Analytical Geom I,2,2.2,1.1,0,G
3.75,670,670,1270,4190,4270,2,17,4,Calculus & Analytical Geom II,3,2.647,1.103,0,G
3.5,580,540,1120,3760,3920,3,16,4,Calculus & Analytical Geom I,1,2.385,1.115,0,N
3.66,620,650,1270,4116,4198,2,17,4,Calculus & Analytical Geom I,3,2.529,1.131,0,G
3.3,660,560,1220,3760,3860,3,14,4,Calculus & Analytical Geom I,1,2.154,1.146,0,N
3.3,550,550,1100,3630,3740,4,17,4,Calculus & Analytical Geom I,1,2.143,1.157,0,G
3.73,700,650,1350,4238,4334,2,17,4,Calculus & Analytical Geom I,2,2.571,1.159,0,N
3.98,720,600,1320,4308,4504,4,16,4,Calculus & Analytical Geom I,3,2.813,1.167,1,N
3.98,630,550,1180,4118,4364,1,16,4,Calculus & Analytical Geom I,3,2.813,1.167,1,G
3.52,630,630,1180,3922,3996,0,17,4,Calculus & Analytical Geom III,1,2.353,1.167,1,G
3.9,700,740,1320,4400,4440,3,16,4,Calculus & Analytical Geom III,3,2.688,1.212,0,G
3.41,670,650,1320,4016,4048,0,16,4,Calculus & Analytical Geom II,1,2.188,1.222,0,G
2.92,600,530,1130,3412,3466,2,16,4,Calculus & Analytical Geom I,0,1.692,1.228,0,N
3.97,690,630,1320,4332,4496,2,17,4,Calculus & Analytical Geom I,1,2.714,1.256,1,G
3.45,590,590,1120,3780,3880,0,16,4,Calculus & Analytical Geom I,2,2.188,1.262,0,N
3.68,600,620,1220,4048,4164,3,12,4,Calculus & Analytical Geom I,1,2.417,1.263,0,N
2.81,570,570,1060,3316,3308,0,16,4,Calculus & Analytical Geom I,1,1.538,1.272,1,N
3.9,580,520,1100,3960,4220,3,16,4,Calculus & Analytical Geom I,3,2.625,1.275,0,G
2.9,610,610,1100,3450,3420,0,16,4,Calculus & Analytical Geom I,1,1.615,1.285,0,N
3.71,640,680,1320,4226,4288,1,15,4,Calculus & Analytical Geom I,3,2.417,1.293,0,G
3.8,700,700,1300,4280,4340,0,16,4,Calculus & Analytical Geom II,3,2.5,1.3,0,G
2.98,450,430,880,3098,3264,4,15,4,College Algebra,2,1.667,1.313,0,N
3.97,640,620,1260,4262,4436,0,17,4,Calculus & Analytical Geom III,2,2.647,1.323,0,G
3.7,510,650,1160,4030,4120,1,16,4,Calculus & Analytical Geom II,2,2.375,1.325,0,G
3.73,510,510,930,3678,3914,0,15,4,Calculus & Analytical Geom I,1,2.4,1.33,1,N
3.28,450,580,1030,3578,3654,3,16,4,Calculus & Analytical Geom I,1,1.938,1.342,1,G
3.36,440,420,860,3296,3548,0,12,,,,2,1.36,0,N
3.03,590,520,1110,3448,3534,4,16,,,,1.667,1.363,0,N
3.01,610,610,1120,3536,3528,0,17,4,Calculus & Analytical Geom I,1,1.643,1.367,0,G
3,600,580,1180,3560,3580,0,16,4,College Algebra,0,1.625,1.375,0,N
3.38,760,760,1500,4288,4204,4,16,4,Calculus & Analytical Geom II,1,2,1.38,0,N
3.9,620,620,1220,4180,4340,4,16,4,Calculus & Analytical Geom I,2,2.5,1.4,0,N
3.6,510,470,980,3610,3860,4,15,4,College Algebra,3,2.2,1.4,0,G
3.3,650,650,1280,3910,3920,3,18,4,Calculus & Analytical Geom I,0,1.867,1.433,0,N
2.82,590,600,1160,3452,3416,0,14,4,Calculus & Analytical Geom II,0,1.357,1.463,0,G
3.85,740,600,1340,4250,4420,0,16,4,Calculus & Analytical Geom I,2,2.375,1.475,1,N
3,450,390,840,3030,3240,0,16,1,Intermediate Algebra,0,1.5,1.5,0,N
2.83,560,560,1070,3328,3334,3,16,4,Calculus & Analytical Geom I,0,1.313,1.517,0,N
3.21,470,520,990,3436,3558,0,16,4,Calculus & Analytical Geom I,0,1.692,1.518,0,G
3.89,630,610,1240,4184,4352,4,17,4,Calculus & Analytical Geom II,2,2.353,1.537,0,G
3.9,580,720,1300,4360,4420,0,14,4,Calculus & Analytical Geom I,2,2.357,1.543,0,N
2.94,590,540,1130,3434,3482,3,13,2,College Math for Aviation II,0,1.385,1.555,0,G
3.7,540,540,1080,3840,4040,3,14,1,Intermediate Algebra,3,2.143,1.557,0,N
3,640,620,1260,3680,3660,4,17,4,Calculus & Analytical Geom I,0,1.429,1.571,1,G
3.02,620,620,1180,3612,3596,4,17,4,College Algebra,1,1.429,1.591,0,N
2.75,710,710,1400,3760,3600,0,16,4,Calculus & Analytical Geom I,2,1.154,1.596,1,N
3.13,510,580,1090,3548,3594,3,15,4,College Algebra,1,1.533,1.597,0,N
3.11,760,760,1400,4026,3888,4,16,4,Calculus & Analytical Geom II,1,1.5,1.61,1,N
3.2,590,540,1130,3590,3690,0,16,4,Calculus & Analytical Geom I,1,1.563,1.637,1,N
3.9,600,590,1190,4120,4310,3,16,4,Calculus & Analytical Geom I,2,2.25,1.65,0,N
3.24,470,420,890,3254,3482,0,12,1,Intermediate Algebra,2,1.583,1.657,0,N
2.95,470,460,930,3160,3290,4,14,4,Calculus & Analytical Geom I,0,1.286,1.664,0,N
2.89,580,600,1180,3514,3492,0,14,4,Calculus & Analytical Geom I,0,1.214,1.676,0,N
3.4,540,540,930,3510,3650,3,17,4,Calculus & Analytical Geom I,2,1.706,1.694,1,G
3.81,680,600,1280,4166,4328,3,16,4,Calculus & Analytical Geom I,0,2.077,1.733,1,G
3.07,520,560,940,3342,3396,2,16,4,Calculus & Analytical Geom I,2,1.313,1.757,0,N
3.3,580,600,1180,3760,3820,3,16,4,Calculus & Analytical Geom I,2,1.538,1.762,0,N
3,580,680,1260,3740,3660,2,16,4,Calculus & Analytical Geom I,1,1.231,1.769,0,G
3.37,450,450,870,3342,3566,4,17,4,Calculus & Analytical Geom I,1,1.6,1.77,1,N
3.35,590,590,1150,3750,3830,0,17,4,Calculus & Analytical Geom I,2,1.571,1.779,0,N
2.55,590,590,1000,3120,3040,3,14,4,Calculus & Analytical Geom II,0,0.769,1.781,0,N
3.67,530,560,1060,3822,3996,3,16,4,Calculus & Analytical Geom I,3,1.875,1.795,0,N
3.3,500,500,980,3460,3620,1,16,4,College Algebra,2,1.5,1.8,0,N
3.22,600,570,1170,3672,3746,4,16,2,College Math for Aviation II,1,1.4,1.82,0,N
2.71,500,500,960,3086,3128,4,17,4,College Algebra,0,0.882,1.828,1,N
3.95,650,650,1210,4230,4370,1,15,4,Calculus & Analytical Geom I,0,2.083,1.867,1,N
3.37,520,500,1020,3542,3716,4,17,3,Trigonometry,1,1.462,1.908,0,N
3.88,630,630,1150,4108,4254,4,16,4,Calculus & Analytical Geom II,1,1.938,1.942,1,G
3.7,670,630,1300,4150,4260,2,16,4,Trigonometry,2,1.688,2.012,1,N
3.3,500,500,990,3470,3630,1,17,4,Calculus & Analytical Geom I,0,1.286,2.014,1,N
2.88,530,620,1070,3418,3374,0,15,4,Calculus & Analytical Geom II,0,0.833,2.047,0,N
3.2,470,470,850,3240,3410,3,17,4,Calculus & Analytical Geom I,0,1.143,2.057,0,N
2.86,540,540,1080,3336,3368,0,16,4,Calculus & Analytical Geom I,0,0.75,2.11,0,N
3.35,590,570,1160,3740,3840,4,13,4,Calculus & Analytical Geom I,0,1.231,2.119,0,G
3.44,700,700,1380,4144,4132,0,15,4,Calculus & Analytical Geom II,0,1.308,2.132,0,N
2.97,540,680,1220,3682,3596,4,16,,,,0.833,2.137,0,N
3.72,710,710,1340,4282,4316,2,17,4,Calculus & Analytical Geom I,0,1.571,2.149,0,N
2.78,470,540,1010,3218,3234,3,17,,,,0.615,2.165,0,N
3.7,700,560,1260,4040,4220,4,17,4,Calculus & Analytical Geom II,0,1.5,2.2,0,N
3.3,610,610,1170,3760,3810,4,16,4,Calculus & Analytical Geom I,1,1.063,2.237,0,N
3.35,610,580,1190,3780,3870,4,15,1,Intermediate Algebra,2,1.067,2.283,1,N
2.3,460,460,820,2660,2660,0,16,1,Intermediate Algebra,0, ,2.3,0,N
3.25,700,700,1340,3990,3940,4,12,5,Differential Eq & Matrix Meth,0,0.917,2.333,0,N
3,520,490,1010,3300,3410,4,16,4,Calculus & Analytical Geom I,0,0.625,2.375,1,N
3.7,640,640,1260,4120,4220,1,17,4,Calculus & Analytical Geom I,0,1.308,2.392,0,N
2.7,680,680,1220,3520,3380,3,14,4,Calculus & Analytical Geom I,0,0.3,2.4,0,N
3.9,640,640,1180,4160,4300,1,16,4,Calculus & Analytical Geom III,0,1.462,2.438,0,N
2.9,490,560,1050,3350,3370,4,15,3,College Algebra,0,0.417,2.483,0,N
2.5,450,500,950,2950,2950,0,15,4,Calculus & Analytical Geom I,0, ,2.5,0,N
2.95,570,570,1140,3480,3500,0,15,3,College Algebra,0,0.438,2.512,1,N
3.63,540,500,1040,3718,3944,3,17,4,Calculus & Analytical Geom I,0,1.118,2.512,1,N
2.71,500,500,860,2986,3028,2,15,4,College Algebra,0,0.167,2.543,0,N
2.6,430,410,840,2810,2920,3,14,,,, ,2.6,0,N
3.04,580,580,1050,3454,3482,0,16,4,Calculus & Analytical Geom I,0,0.429,2.611,0,N
3.57,510,510,1020,3672,3876,4,17,4,Calculus & Analytical Geom I,0,0.941,2.629,0,N
3.29,770,650,1420,4044,4052,4,16,4,Calculus & Analytical Geom I,0,0.615,2.675,0,N
3.05,630,640,1200,3670,3640,4,16,4,Calculus & Analytical Geom I,0,0.375,2.675,0,N
2.91,640,560,1200,3506,3528,4,14,4,Calculus & Analytical Geom II,0,0.214,2.696,1,N
3.03,510,510,960,3288,3384,4,15,4,Calculus & Analytical Geom I,1,0.333,2.697,0,N
2.7,540,540,1070,3230,3230,2,12,4,College Algebra,0, ,2.7,1,N
3.36,510,440,950,3406,3638,0,17,4,Calculus & Analytical Geom I,0,0.643,2.717,1,N
2.8,600,500,1100,3280,3340,0,16,5,Calculus & Analytical Geom I,0, ,2.8,0,N
2.846,600,600,1200,3507.6,3476.8,0,15,4,College Algebra,0, ,2.846,0,N
3.37,580,640,1220,3882,3916,4,16,,,, ,3.37,0,G
3.38,640,600,1240,3868,3944,3,15,4,College Algebra,0,0,3.38,0,N
3.45,460,480,930,3480,3690,3,17,4,Calculus & Analytical Geom I,0, ,3.45,0,N
3.532,560,560,1080,3759.2,3905.6,0,14,,,, ,3.532,0,N
3.6,520,520,890,3570,3770,3,16,4,Calculus & Analytical Geom I,0, ,3.6,0,N
3.74,370,370,690,3304,3682,1,17,,,, ,3.74,0,N
3.81,540,540,1050,3876,4098,3,16,4,Calculus & Analytical Geom I,0, ,3.81,0,N
3.9,420,500,920,3760,4040,4,16,4,Calculus & Analytical Geom I,0, ,3.9,0,N
,,,,,,,,,,,,0.756656751,,95
,,,,,,,,,,,,0.846801576,,32
,,,,,,,,,,,,,,0.748031496
