DISC,CRS,crs_name,grade,CASENUM
MA,241,Calculus & Analytical Geom I,B,2
MA,111,College Math for Aviation I,A,3
MA,142,Trigonometry,B,4
MA,242,Calculus & Analytical Geom II,B,5
MA,242,Calculus & Analytical Geom II,A,6
MA,112,College Math for Aviation II,D,7
MA,242,Calculus & Analytical Geom II,B,8
MA,241,Calculus & Analytical Geom I,A,9
MA,006,Intermediate Algebra,D,10
MA,112,College Math for Aviation II,AU,11
MA,111,College Math for Aviation I,A,12
MA,111,College Math for Aviation I,B,14
MA,006,Intermediate Algebra,D,15
MA,111,College Math for Aviation I,C,16
MA,111,College Math for Aviation I,C,17
MA,006,Intermediate Algebra,D,18
MA,241,Calculus & Analytical Geom I,W,19
MA,241,Calculus & Analytical Geom I,W,22
MA,006,Intermediate Algebra,W,23
MA,006,Intermediate Algebra,F,24
MA,241,Calculus & Analytical Geom I,B,25
MA,120,Quantitative Methods I,A,26
MA,111,College Math for Aviation I,D,27
MA,111,College Math for Aviation I,B,28
MA,241,Calculus & Analytical Geom I,A,29
MA,243,Calculus & Analytical Geom III,A,31
MA,241,Calculus & Analytical Geom I,C,32
MA,006,Intermediate Algebra,C,33
MA,111,College Math for Aviation I,D,34
MA,241,Calculus & Analytical Geom I,A,35
MA,111,College Math for Aviation I,C,36
MA,006,Intermediate Algebra,F,37
MA,241,Calculus & Analytical Geom I,C,38
MA,345,Differential Eq & Matrix Meth,B,39
MA,112,College Math for Aviation II,C,40
MA,006,Intermediate Algebra,B,41
MA,111,College Math for Aviation I,F,42
MA,112,College Math for Aviation II,A,43
MA,140,College Algebra,D,44
MA,142,Trigonometry,D,44
MA,345,Differential Eq & Matrix Meth,B,46
MA,241,Calculus & Analytical Geom I,F,47
MA,006,Intermediate Algebra,D,48
MA,241,Calculus & Analytical Geom I,F,49
MA,006,Intermediate Algebra,D,50
MA,242,Calculus & Analytical Geom II,F,51
MA,112,College Math for Aviation II,A,52
MA,242,Calculus & Analytical Geom II,F,53
MA,111,College Math for Aviation I,F,54
MA,241,Calculus & Analytical Geom I,A,55
MA,112,College Math for Aviation II,A,57
MA,006,Intermediate Algebra,F,58
MA,241,Calculus & Analytical Geom I,F,59
MA,006,Intermediate Algebra,F,60
MA,006,Intermediate Algebra,F,61
MA,006,Intermediate Algebra,C,62
MA,241,Calculus & Analytical Geom I,B,63
MA,243,Calculus & Analytical Geom III,B,64
MA,111,College Math for Aviation I,B,65
MA,241,Calculus & Analytical Geom I,B,66
MA,006,Intermediate Algebra,C,67
MA,242,Calculus & Analytical Geom II,B,68
MA,006,Intermediate Algebra,D,69
MA,111,College Math for Aviation I,C,70
MA,142,Trigonometry, ,71
MA,241,Calculus & Analytical Geom I,W,71
MA,111,College Math for Aviation I,B,72
MA,006,Intermediate Algebra,F,73
MA,111,College Math for Aviation I,C,74
MA,241,Calculus & Analytical Geom I,A,75
MA,112,College Math for Aviation II,B,76
MA,242,Calculus & Analytical Geom II,A,77
MA,006,Intermediate Algebra,B,78
MA,111,College Math for Aviation I,A,79
MA,241,Calculus & Analytical Geom I,F,80
MA,112,College Math for Aviation II,B,81
MA,399,Special Topics in Mathematics,A,82
MA,441,Advanced Engineering Math I,A,82
MA,006,Intermediate Algebra,F,83
MA,140,College Algebra,D,84
MA,142,Trigonometry,D,84
MA,243,Calculus & Analytical Geom III,B,85
MA,241,Calculus & Analytical Geom I,C,87
MA,006,Intermediate Algebra,B,88
MA,111,College Math for Aviation I,A,89
MA,111,College Math for Aviation I,D,90
MA,112,College Math for Aviation II,A,91
MA,241,Calculus & Analytical Geom I,B,92
MA,112,College Math for Aviation II,C,93
MA,006,Intermediate Algebra,F,94
MA,111,College Math for Aviation I,F,95
MA,142,Trigonometry,C,97
MA,243,Calculus & Analytical Geom III,C,98
MA,242,Calculus & Analytical Geom II,A,99
MA,241,Calculus & Analytical Geom I,A,100
MA,242,Calculus & Analytical Geom II,B,101
MA,006,Intermediate Algebra,C,102
MA,242,Calculus & Analytical Geom II,B,103
MA,112,College Math for Aviation II,D,104
MA,120,Quantitative Methods I,B,105
MA,006,Intermediate Algebra,A,106
MA,345,Differential Eq & Matrix Meth,F,107
MA,111,College Math for Aviation I,D,108
MA,241,Calculus & Analytical Geom I,B,109
MA,111,College Math for Aviation I,F,110
MA,112,College Math for Aviation II,A,111
MA,241,Calculus & Analytical Geom I,C,112
MA,242,Calculus & Analytical Geom II,C,114
MA,111,College Math for Aviation I,A,115
MA,241,Calculus & Analytical Geom I,A,117
MA,111,College Math for Aviation I,B,118
MA,006,Intermediate Algebra,C,119
MA,241,Calculus & Analytical Geom I,F,120
MA,243,Calculus & Analytical Geom III,B,121
MA,140,College Algebra,B,122
MA,142,Trigonometry,B,122
MA,111,College Math for Aviation I,B,123
MA,140,College Algebra,A,124
MA,142,Trigonometry,A,124
MA,006,Intermediate Algebra,C,125
MA,140,College Algebra,AU,126
MA,142,Trigonometry,D,126
MA,241,Calculus & Analytical Geom I,B,127
MA,111,College Math for Aviation I,W,128
MA,006,Intermediate Algebra,AU,129
MA,111,College Math for Aviation I,AU,130
MA,241,Calculus & Analytical Geom I,B,131
MA,111,College Math for Aviation I,B,132
MA,241,Calculus & Analytical Geom I,D,134
MA,111,College Math for Aviation I,D,135
MA,112,College Math for Aviation II,F,136
MA,006,Intermediate Algebra,A,137
MA,112,College Math for Aviation II,A,138
MA,111,College Math for Aviation I,B,139
MA,006,Intermediate Algebra,C,140
MA,006,Intermediate Algebra,C,141
MA,111,College Math for Aviation I,D,142
MA,242,Calculus & Analytical Geom II,B,143
MA,241,Calculus & Analytical Geom I,A,145
MA,111,College Math for Aviation I,F,146
MA,112,College Math for Aviation II,F,147
MA,006,Intermediate Algebra,B,148
MA,112,College Math for Aviation II,D,149
MA,006,Intermediate Algebra,C,150
MA,111,College Math for Aviation I,A,151
MA,241,Calculus & Analytical Geom I,C,152
MA,241,Calculus & Analytical Geom I,B,153
MA,006,Intermediate Algebra,AU,154
MA,241,Calculus & Analytical Geom I,C,155
MA,241,Calculus & Analytical Geom I,A,156
MA,242,Calculus & Analytical Geom II,B,157
MA,006,Intermediate Algebra,B,158
MA,241,Calculus & Analytical Geom I,A,159
MA,111,College Math for Aviation I,C,160
MA,111,College Math for Aviation I,B,161
MA,241,Calculus & Analytical Geom I,C,162
MA,241,Calculus & Analytical Geom I,D,163
MA,006,Intermediate Algebra,B,164
MA,241,Calculus & Analytical Geom I,A,165
MA,243,Calculus & Analytical Geom III,A,167
MA,242,Calculus & Analytical Geom II,B,168
MA,242,Calculus & Analytical Geom II,B,169
MA,111,College Math for Aviation I,C,170
MA,241,Calculus & Analytical Geom I,B,171
MA,241,Calculus & Analytical Geom I,A,172
MA,112,College Math for Aviation II,D,173
MA,112,College Math for Aviation II,W,174
MA,220,Quantitative Methods II,B,175
MA,241,Calculus & Analytical Geom I,F,176
MA,112,College Math for Aviation II,C,177
MA,006,Intermediate Algebra,B,178
MA,243,Calculus & Analytical Geom III,A,179
MA,111,College Math for Aviation I,F,180
MA,243,Calculus & Analytical Geom III,A,181
MA,112,College Math for Aviation II,C,183
MA,112,College Math for Aviation II,B,184
MA,112,College Math for Aviation II,A,186
MA,006,Intermediate Algebra,C,187
MA,140,College Algebra,C,189
MA,142,Trigonometry,C,189
MA,111,College Math for Aviation I,D,190
MA,006,Intermediate Algebra,C,191
MA,112,College Math for Aviation II,A,192
MA,006,Intermediate Algebra,C,193
MA,112,College Math for Aviation II,D,194
MA,241,Calculus & Analytical Geom I,C,196
MA,241,Calculus & Analytical Geom I,A,197
MA,140,College Algebra,D,198
MA,241,Calculus & Analytical Geom I,B,199
MA,006,Intermediate Algebra,B,200
MA,006,Intermediate Algebra,D,201
MA,006,Intermediate Algebra,A,203
MA,241,Calculus & Analytical Geom I,D,204
MA,006,Intermediate Algebra,B,205
MA,241,Calculus & Analytical Geom I,AU,206
MA,241,Calculus & Analytical Geom I,C,207
MA,006,Intermediate Algebra,A,208
MA,242,Calculus & Analytical Geom II,A,209
MA,242,Calculus & Analytical Geom II,A,211
MA,140,College Algebra,F,212
MA,142,Trigonometry,D,212
MA,112,College Math for Aviation II,B,214
MA,243,Calculus & Analytical Geom III,A,215
MA,111,College Math for Aviation I,F,216
MA,006,Intermediate Algebra,B,217
MA,241,Calculus & Analytical Geom I,B,218
MA,140,College Algebra,C,219
MA,142,Trigonometry,C,219
MA,111,College Math for Aviation I,C,221
MA,006,Intermediate Algebra,B,222
MA,140,College Algebra,B,223
MA,142,Trigonometry,A,223
MA,006,Intermediate Algebra,D,224
MA,241,Calculus & Analytical Geom I,C,225
MA,112,College Math for Aviation II,B,226
MA,112,College Math for Aviation II,D,227
MA,345,Differential Eq & Matrix Meth,A,228
MA,006,Intermediate Algebra,B,229
MA,006,Intermediate Algebra,B,230
MA,111,College Math for Aviation I,AU,231
MA,111,College Math for Aviation I,D,232
MA,112,College Math for Aviation II,B,233
MA,006,Intermediate Algebra,B,234
MA,006,Intermediate Algebra,C,235
MA,112,College Math for Aviation II,A,236
MA,241,Calculus & Analytical Geom I,A,237
MA,242,Calculus & Analytical Geom II,B,239
MA,345,Differential Eq & Matrix Meth,B,240
MA,242,Calculus & Analytical Geom II,C,241
MA,112,College Math for Aviation II,A,242
MA,241,Calculus & Analytical Geom I,F,243
MA,111,College Math for Aviation I,A,244
MA,241,Calculus & Analytical Geom I,C,245
MA,242,Calculus & Analytical Geom II,B,246
MA,111,College Math for Aviation I,B,247
MA,111,College Math for Aviation I,B,248
MA,241,Calculus & Analytical Geom I,B,249
MA,241,Calculus & Analytical Geom I,A,250
MA,111,College Math for Aviation I,F,251
MA,242,Calculus & Analytical Geom II,C,252
MA,241,Calculus & Analytical Geom I,F,253
MA,241,Calculus & Analytical Geom I,B,254
MA,006,Intermediate Algebra,C,255
MA,243,Calculus & Analytical Geom III,A,256
MA,241,Calculus & Analytical Geom I,C,257
MA,241,Calculus & Analytical Geom I,C,258
MA,241,Calculus & Analytical Geom I,D,259
MA,241,Calculus & Analytical Geom I,A,260
MA,242,Calculus & Analytical Geom II,C,261
MA,243,Calculus & Analytical Geom III,B,262
MA,243,Calculus & Analytical Geom III,B,263
MA,111,College Math for Aviation I,F,264
MA,112,College Math for Aviation II,C,265
MA,111,College Math for Aviation I,B,266
MA,112,College Math for Aviation II,AU,267
MA,241,Calculus & Analytical Geom I,A,269
MA,120,Quantitative Methods I,A,270
MA,111,College Math for Aviation I,D,271
MA,241,Calculus & Analytical Geom I,D,272
MA,111,College Math for Aviation I,F,273
MA,241,Calculus & Analytical Geom I,B,274
MA,112,College Math for Aviation II,B,275
MA,112,College Math for Aviation II,A,276
MA,243,Calculus & Analytical Geom III,A,277
MA,112,College Math for Aviation II,B,278
MA,111,College Math for Aviation I,B,280
MA,241,Calculus & Analytical Geom I,B,281
MA,006,Intermediate Algebra,C,282
MA,111,College Math for Aviation I,A,283
MA,140,College Algebra,D,284
MA,142,Trigonometry,C,284
MA,243,Calculus & Analytical Geom III,A,285
MA,112,College Math for Aviation II,F,286
MA,111,College Math for Aviation I,D,287
MA,112,College Math for Aviation II,D,288
MA,006,Intermediate Algebra,A,289
MA,140,College Algebra,C,290
MA,142,Trigonometry,B,290
MA,006,Intermediate Algebra,A,291
MA,242,Calculus & Analytical Geom II,C,292
MA,111,College Math for Aviation I,C,293
MA,112,College Math for Aviation II,B,294
MA,242,Calculus & Analytical Geom II,C,295
MA,111,College Math for Aviation I,D,296
MA,241,Calculus & Analytical Geom I,D,297
MA,006,Intermediate Algebra,B,298
MA,241,Calculus & Analytical Geom I,A,299
MA,242,Calculus & Analytical Geom II,C,300
MA,112,College Math for Aviation II,B,301
MA,006,Intermediate Algebra,B,302
MA,006,Intermediate Algebra,B,303
MA,241,Calculus & Analytical Geom I,B,304
MA,111,College Math for Aviation I,B,305
MA,111,College Math for Aviation I,C,306
MA,241,Calculus & Analytical Geom I,C,307
MA,006,Intermediate Algebra,A,308
MA,241,Calculus & Analytical Geom I,A,309
MA,241,Calculus & Analytical Geom I,B,310
MA,242,Calculus & Analytical Geom II,B,311
MA,241,Calculus & Analytical Geom I,A,313
MA,112,College Math for Aviation II,A,314
MA,241,Calculus & Analytical Geom I,A,315
MA,005,Quantitative Skills,D,316
MA,241,Calculus & Analytical Geom I,B,317
MA,111,College Math for Aviation I,A,318
MA,111,College Math for Aviation I,C,319
MA,242,Calculus & Analytical Geom II,B,320
MA,006,Intermediate Algebra,W,321
MA,241,Calculus & Analytical Geom I,C,322
MA,243,Calculus & Analytical Geom III,A,323
MA,241,Calculus & Analytical Geom I,B,324
MA,241,Calculus & Analytical Geom I,A,325
MA,006,Intermediate Algebra,C,326
MA,140,College Algebra,B,327
MA,142,Trigonometry,C,327
MA,111,College Math for Aviation I,C,328
MA,241,Calculus & Analytical Geom I,AU,329
MA,006,Intermediate Algebra,F,330
MA,006,Intermediate Algebra,B,331
MA,242,Calculus & Analytical Geom II,A,332
MA,242,Calculus & Analytical Geom II,D,333
MA,242,Calculus & Analytical Geom II,B,334
MA,111,College Math for Aviation I,AU,335
MA,112,College Math for Aviation II,C,336
MA,112,College Math for Aviation II,AU,337
MA,241,Calculus & Analytical Geom I,A,338
MA,006,Intermediate Algebra,B,339
MA,241,Calculus & Analytical Geom I,A,340
MA,241,Calculus & Analytical Geom I,D,341
MA,006,Intermediate Algebra,F,342
MA,006,Intermediate Algebra,D,343
MA,111,College Math for Aviation I,F,345
MA,006,Intermediate Algebra,A,346
MA,111,College Math for Aviation I,F,348
MA,005,Quantitative Skills,A,349
MA,006,Intermediate Algebra,F,350
MA,111,College Math for Aviation I,A,351
MA,241,Calculus & Analytical Geom I,B,352
MA,241,Calculus & Analytical Geom I,F,353
MA,241,Calculus & Analytical Geom I,A,354
MA,243,Calculus & Analytical Geom III,A,355
MA,112,College Math for Aviation II,D,356
MA,242,Calculus & Analytical Geom II,B,357
MA,242,Calculus & Analytical Geom II,A,358
MA,242,Calculus & Analytical Geom II,D,359
MA,111,College Math for Aviation I,F,360
MA,241,Calculus & Analytical Geom I,C,361
MA,242,Calculus & Analytical Geom II,A,362
MA,243,Calculus & Analytical Geom III,C,364
MA,112,College Math for Aviation II,A,365
MA,241,Calculus & Analytical Geom I,B,366
MA,243,Calculus & Analytical Geom III,C,367
MA,243,Calculus & Analytical Geom III,D,368
MA,111,College Math for Aviation I,F,369
MA,140,College Algebra,A,370
MA,142,Trigonometry,B,370
MA,241,Calculus & Analytical Geom I,C,371
MA,005,Quantitative Skills,A,372
MA,111,College Math for Aviation I,C,373
MA,006,Intermediate Algebra,C,374
MA,111,College Math for Aviation I,A,375
MA,241,Calculus & Analytical Geom I,B,376
MA,243,Calculus & Analytical Geom III,A,377
MA,242,Calculus & Analytical Geom II,B,378
MA,241,Calculus & Analytical Geom I,A,379
MA,006,Intermediate Algebra,A,380
MA,241,Calculus & Analytical Geom I,A,381
MA,112,College Math for Aviation II,A,382
MA,006,Intermediate Algebra,B,383
MA,111,College Math for Aviation I,D,384
MA,006,Intermediate Algebra,B,385
MA,241,Calculus & Analytical Geom I,B,386
MA,111,College Math for Aviation I,D,388
MA,241,Calculus & Analytical Geom I,C,390
MA,006,Intermediate Algebra,C,391
MA,242,Calculus & Analytical Geom II,B,392
MA,241,Calculus & Analytical Geom I,B,393
MA,006,Intermediate Algebra,C,395
MA,006,Intermediate Algebra,B,396
MA,220,Quantitative Methods II,A,397
MA,242,Calculus & Analytical Geom II,B,398
MA,006,Intermediate Algebra, ,399
MA,243,Calculus & Analytical Geom III,A,400
MA,006,Intermediate Algebra,C,401
MA,112,College Math for Aviation II,A,402
MA,112,College Math for Aviation II,A,403
MA,241,Calculus & Analytical Geom I,D,405
MA,242,Calculus & Analytical Geom II,D,406
MA,111,College Math for Aviation I,C,407
MA,142,Trigonometry,B,408
MA,241,Calculus & Analytical Geom I,B,408
MA,111,College Math for Aviation I,C,409
MA,241,Calculus & Analytical Geom I,F,410
MA,241,Calculus & Analytical Geom I,C,411
MA,111,College Math for Aviation I,A,412
MA,241,Calculus & Analytical Geom I,A,413
MA,241,Calculus & Analytical Geom I,B,414
MA,006,Intermediate Algebra,F,415
MA,111,College Math for Aviation I,B,416
MA,005,Quantitative Skills,B,417
MA,006,Intermediate Algebra,C,418
MA,241,Calculus & Analytical Geom I,A,419
MA,111,College Math for Aviation I,F,420
MA,140,College Algebra,B,421
MA,142,Trigonometry,C,421
MA,111,College Math for Aviation I,C,422
MA,241,Calculus & Analytical Geom I,C,423
MA,241,Calculus & Analytical Geom I,C,424
MA,140,College Algebra,A,425
MA,142,Trigonometry,B,425
MA,006,Intermediate Algebra,A,426
MA,006,Intermediate Algebra,C,427
MA,241,Calculus & Analytical Geom I,C,428
MA,111,College Math for Aviation I,C,429
MA,111,College Math for Aviation I,B,430
MA,111,College Math for Aviation I,C,431
MA,006,Intermediate Algebra,D,432
MA,006,Intermediate Algebra,F,433
MA,111,College Math for Aviation I,D,434
MA,242,Calculus & Analytical Geom II,F,435
MA,242,Calculus & Analytical Geom II,B,436
MA,112,College Math for Aviation II,C,437
MA,112,College Math for Aviation II,A,438
MA,242,Calculus & Analytical Geom II,A,439
MA,006,Intermediate Algebra,C,440
MA,241,Calculus & Analytical Geom I,A,441
MA,242,Calculus & Analytical Geom II,A,442
MA,241,Calculus & Analytical Geom I,C,443
MA,241,Calculus & Analytical Geom I,B,444
MA,112,College Math for Aviation II,B,445
MA,241,Calculus & Analytical Geom I,D,446
MA,241,Calculus & Analytical Geom I,A,448
MA,241,Calculus & Analytical Geom I,F,449
MA,111,College Math for Aviation I,B,450
MA,243,Calculus & Analytical Geom III,A,451
MA,241,Calculus & Analytical Geom I,B,454
MA,241,Calculus & Analytical Geom I,B,455
MA,006,Intermediate Algebra,C,456
MA,006,Intermediate Algebra,F,457
MA,242,Calculus & Analytical Geom II,B,458
MA,006,Intermediate Algebra,C,459
MA,242,Calculus & Analytical Geom II,D,460
MA,111,College Math for Aviation I,B,461
MA,241,Calculus & Analytical Geom I,D,462
MA,241,Calculus & Analytical Geom I,A,463
MA,241,Calculus & Analytical Geom I,A,464
MA,140,College Algebra,D,465
MA,142,Trigonometry,C,465
MA,111,College Math for Aviation I,AU,466
MA,112,College Math for Aviation II,C,467
MA,111,College Math for Aviation I,C,468
MA,242,Calculus & Analytical Geom II,B,469
MA,006,Intermediate Algebra,D,470
MA,140,College Algebra,A,471
MA,142,Trigonometry,A,471
MA,111,College Math for Aviation I,D,472
MA,111,College Math for Aviation I,D,473
MA,241,Calculus & Analytical Geom I,B,474
MA,241,Calculus & Analytical Geom I,B,475
MA,140,College Algebra,D,476
MA,142,Trigonometry,C,476
MA,241,Calculus & Analytical Geom I,C,477
MA,111,College Math for Aviation I,D,478
MA,006,Intermediate Algebra,A,479
MA,006,Intermediate Algebra,A,480
MA,111,College Math for Aviation I,D,481
MA,111,College Math for Aviation I,AU,483
MA,140,College Algebra,F,484
MA,142,Trigonometry,F,484
MA,242,Calculus & Analytical Geom II,B,485
MA,242,Calculus & Analytical Geom II,B,486
MA,243,Calculus & Analytical Geom III,A,487
MA,112,College Math for Aviation II,D,488
MA,241,Calculus & Analytical Geom I,B,490
MA,112,College Math for Aviation II,AU,491
MA,112,College Math for Aviation II,C,492
MA,112,College Math for Aviation II,AU,493
MA,140,College Algebra,AU,494
MA,142,Trigonometry,C,494
MA,112,College Math for Aviation II,B,496
MA,112,College Math for Aviation II,A,497
MA,112,College Math for Aviation II,A,498
MA,006,Intermediate Algebra,A,499
MA,112,College Math for Aviation II,B,500
MA,112,College Math for Aviation II,AU,501
MA,112,College Math for Aviation II,D,502
MA,243,Calculus & Analytical Geom III,B,503
MA,112,College Math for Aviation II,A,504
MA,241,Calculus & Analytical Geom I,F,505
MA,006,Intermediate Algebra,F,506
MA,242,Calculus & Analytical Geom II,C,507
MA,241,Calculus & Analytical Geom I,A,508
MA,241,Calculus & Analytical Geom I,A,509
MA,241,Calculus & Analytical Geom I,C,510
MA,241,Calculus & Analytical Geom I,B,511
MA,006,Intermediate Algebra,F,512
MA,006,Intermediate Algebra,B,513
MA,111,College Math for Aviation I,F,514
MA,140,College Algebra,F,515
MA,111,College Math for Aviation I,D,517
MA,241,Calculus & Analytical Geom I,B,518
MA,242,Calculus & Analytical Geom II,B,519
MA,241,Calculus & Analytical Geom I,B,520
MA,111,College Math for Aviation I,B,521
MA,241,Calculus & Analytical Geom I,B,522
MA,111,College Math for Aviation I,W,523
MA,241,Calculus & Analytical Geom I,B,524
MA,140,College Algebra,C,525
MA,142,Trigonometry,C,525
MA,111,College Math for Aviation I,C,526
MA,111,College Math for Aviation I,AU,528
MA,241,Calculus & Analytical Geom I,B,529
MA,241,Calculus & Analytical Geom I,A,530
MA,241,Calculus & Analytical Geom I,F,531
MA,142,Trigonometry,B,532
MA,241,Calculus & Analytical Geom I,AU,532
MA,112,College Math for Aviation II,A,533
MA,112,College Math for Aviation II,B,534
MA,111,College Math for Aviation I,F,535
MA,241,Calculus & Analytical Geom I,A,536
MA,112,College Math for Aviation II,B,537
MA,222,Business Statistics,B,538
MA,241,Calculus & Analytical Geom I,B,539
MA,241,Calculus & Analytical Geom I,C,540
MA,241,Calculus & Analytical Geom I,A,541
MA,111,College Math for Aviation I,A,544
MA,243,Calculus & Analytical Geom III,A,546
MA,111,College Math for Aviation I,C,547
MA,242,Calculus & Analytical Geom II,C,548
MA,112,College Math for Aviation II,A,549
MA,006,Intermediate Algebra,C,550
MA,241,Calculus & Analytical Geom I,A,551
MA,006,Intermediate Algebra,D,552
MA,111,College Math for Aviation I, ,553
MA,111,College Math for Aviation I,F,554
MA,111,College Math for Aviation I,B,555
MA,241,Calculus & Analytical Geom I,D,556
MA,241,Calculus & Analytical Geom I,B,557
MA,111,College Math for Aviation I,A,558
MA,242,Calculus & Analytical Geom II,A,559
MA,005,Quantitative Skills,B,561
MA,241,Calculus & Analytical Geom I,B,562
MA,140,College Algebra,D,563
MA,142,Trigonometry,D,563
MA,241,Calculus & Analytical Geom I,C,564
MA,112,College Math for Aviation II,A,565
MA,111,College Math for Aviation I,D,566
MA,006,Intermediate Algebra,B,567
MA,241,Calculus & Analytical Geom I,A,568
MA,006,Intermediate Algebra,F,570
MA,241,Calculus & Analytical Geom I,B,571
MA,111,College Math for Aviation I,C,572
MA,140,College Algebra,W,573
MA,142,Trigonometry,W,573
MA,112,College Math for Aviation II,A,574
MA,242,Calculus & Analytical Geom II,A,575
MA,241,Calculus & Analytical Geom I,AU,576
MA,112,College Math for Aviation II,B,577
MA,241,Calculus & Analytical Geom I,D,578
MA,005,Quantitative Skills,C,579
MA,140,College Algebra,D,580
MA,142,Trigonometry,C,580
MA,241,Calculus & Analytical Geom I,D,581
MA,111,College Math for Aviation I,F,582
MA,242,Calculus & Analytical Geom II,A,583
MA,111,College Math for Aviation I,D,584
MA,112,College Math for Aviation II,B,585
MA,006,Intermediate Algebra,C,586
MA,111,College Math for Aviation I,D,587
MA,241,Calculus & Analytical Geom I,F,588
MA,140,College Algebra,C,590
MA,242,Calculus & Analytical Geom II,C,591
MA,241,Calculus & Analytical Geom I,D,592
MA,006,Intermediate Algebra,D,593
MA,242,Calculus & Analytical Geom II,B,594
MA,112,College Math for Aviation II,A,595
MA,005,Quantitative Skills,A,596
MA,241,Calculus & Analytical Geom I,B,597
MA,242,Calculus & Analytical Geom II,A,598
MA,242,Calculus & Analytical Geom II,B,599
MA,005,Quantitative Skills,B,600
MA,241,Calculus & Analytical Geom I,C,601
MA,241,Calculus & Analytical Geom I,F,602
MA,111,College Math for Aviation I,C,603
MA,241,Calculus & Analytical Geom I,D,604
MA,006,Intermediate Algebra,C,605
MA,242,Calculus & Analytical Geom II,B,606
MA,112,College Math for Aviation II,D,607
MA,220,Quantitative Methods II,A,608
MA,140,College Algebra,F,609
MA,142,Trigonometry,F,609
MA,242,Calculus & Analytical Geom II,B,610
MA,111,College Math for Aviation I,W,611
MA,006,Intermediate Algebra,F,612
MA,241,Calculus & Analytical Geom I,A,613
MA,006,Intermediate Algebra,AU,615
MA,006,Intermediate Algebra,C,616
MA,006,Intermediate Algebra,C,617
MA,241,Calculus & Analytical Geom I,D,618
MA,241,Calculus & Analytical Geom I,A,619
MA,241,Calculus & Analytical Geom I,C,620
MA,111,College Math for Aviation I,C,622
MA,005,Quantitative Skills,C,623
MA,241,Calculus & Analytical Geom I,B,624
MA,112,College Math for Aviation II,A,625
MA,241,Calculus & Analytical Geom I,B,626
MA,243,Calculus & Analytical Geom III,A,627
MA,241,Calculus & Analytical Geom I,D,628
MA,243,Calculus & Analytical Geom III,B,629
MA,241,Calculus & Analytical Geom I,C,630
MA,345,Differential Eq & Matrix Meth,B,631
MA,241,Calculus & Analytical Geom I,B,632
MA,241,Calculus & Analytical Geom I,C,633
MA,006,Intermediate Algebra,F,634
MA,242,Calculus & Analytical Geom II,B,635
MA,243,Calculus & Analytical Geom III,B,636
MA,006,Intermediate Algebra,F,637
MA,112,College Math for Aviation II,C,638
MA,241,Calculus & Analytical Geom I, ,639
MA,242,Calculus & Analytical Geom II,A,640
MA,006,Intermediate Algebra,A,641
MA,241,Calculus & Analytical Geom I,F,642
MA,242,Calculus & Analytical Geom II,B,643
MA,241,Calculus & Analytical Geom I,A,644
MA,111,College Math for Aviation I,C,645
MA,111,College Math for Aviation I,B,646
MA,111,College Math for Aviation I,D,647
MA,006,Intermediate Algebra,C,648
MA,241,Calculus & Analytical Geom I,A,649
MA,242,Calculus & Analytical Geom II,B,650
MA,243,Calculus & Analytical Geom III,D,652
MA,242,Calculus & Analytical Geom II,A,653
MA,005,Quantitative Skills,B,654
MA,111,College Math for Aviation I,D,656
MA,112,College Math for Aviation II,A,657
MA,242,Calculus & Analytical Geom II,B,659
MA,111,College Math for Aviation I,D,660
MA,111,College Math for Aviation I,B,661
MA,241,Calculus & Analytical Geom I,AU,662
MA,006,Intermediate Algebra,W,663
MA,005,Quantitative Skills,F,664
MA,112,College Math for Aviation II,C,665
MA,120,Quantitative Methods I,C,667
MA,242,Calculus & Analytical Geom II,B,668
MA,006,Intermediate Algebra,C,669
MA,111,College Math for Aviation I,C,671
MA,006,Intermediate Algebra,B,672
MA,112,College Math for Aviation II,A,673
MA,006,Intermediate Algebra,C,674
MA,140,College Algebra,C,675
MA,142,Trigonometry,C,675
MA,111,College Math for Aviation I,F,676
MA,142,Trigonometry,D,677
MA,111,College Math for Aviation I,F,678
MA,140,College Algebra,W,679
MA,142,Trigonometry,W,679
MA,242,Calculus & Analytical Geom II,F,680
MA,242,Calculus & Analytical Geom II,A,681
MA,006,Intermediate Algebra,WF,682
MA,112,College Math for Aviation II,C,683
MA,112,College Math for Aviation II,D,684
MA,140,College Algebra,F,685
MA,142,Trigonometry,F,685
MA,006,Intermediate Algebra,A,686
MA,112,College Math for Aviation II,F,687
MA,112,College Math for Aviation II,F,689
MA,242,Calculus & Analytical Geom II,B,690
MA,241,Calculus & Analytical Geom I,A,691
MA,243,Calculus & Analytical Geom III,F,692
MA,112,College Math for Aviation II,B,693
MA,243,Calculus & Analytical Geom III,A,694
MA,112,College Math for Aviation II,C,695
MA,241,Calculus & Analytical Geom I,A,696
MA,111,College Math for Aviation I,B,697
MA,006,Intermediate Algebra,F,698
MA,241,Calculus & Analytical Geom I,B,699
MA,006,Intermediate Algebra,A,700
MA,006,Intermediate Algebra,D,701
MA,241,Calculus & Analytical Geom I,C,702
MA,241,Calculus & Analytical Geom I,A,703
MA,241,Calculus & Analytical Geom I,C,704
MA,140,College Algebra,B,705
MA,142,Trigonometry,C,705
MA,241,Calculus & Analytical Geom I,D,706
MA,241,Calculus & Analytical Geom I,F,707
MA,241,Calculus & Analytical Geom I,F,708
MA,006,Intermediate Algebra,B,709
MA,241,Calculus & Analytical Geom I,A,710
MA,006,Intermediate Algebra,D,711
MA,006,Intermediate Algebra,A,712
MA,111,College Math for Aviation I,F,713
MA,140,College Algebra,C,714
MA,142,Trigonometry,A,714
MA,242,Calculus & Analytical Geom II,D,716
MA,112,College Math for Aviation II,C,717
MA,243,Calculus & Analytical Geom III,D,718
MA,112,College Math for Aviation II,D,719
MA,111,College Math for Aviation I,F,720
MA,006,Intermediate Algebra,F,721
MA,241,Calculus & Analytical Geom I,D,722
MA,241,Calculus & Analytical Geom I,C,723
MA,112,College Math for Aviation II,B,724
MA,006,Intermediate Algebra,F,725
MA,111,College Math for Aviation I,D,726
MA,242,Calculus & Analytical Geom II,C,727
MA,241,Calculus & Analytical Geom I,F,729
MA,111,College Math for Aviation I,D,730
MA,241,Calculus & Analytical Geom I,A,731
MA,241,Calculus & Analytical Geom I,B,733
MA,241,Calculus & Analytical Geom I,B,734
MA,111,College Math for Aviation I,C,736
MA,241,Calculus & Analytical Geom I,F,737
MA,111,College Math for Aviation I,F,738
MA,112,College Math for Aviation II,A,742
MA,006,Intermediate Algebra,F,743
MA,242,Calculus & Analytical Geom II,A,744
MA,112,College Math for Aviation II,F,745
MA,241,Calculus & Analytical Geom I,C,746
MA,142,Trigonometry,A,747
MA,241,Calculus & Analytical Geom I,B,747
MA,241,Calculus & Analytical Geom I,A,748
MA,006,Intermediate Algebra,F,749
MA,005,Quantitative Skills,B,750
MA,242,Calculus & Analytical Geom II,F,751
MA,241,Calculus & Analytical Geom I,D,753
MA,241,Calculus & Analytical Geom I,C,755
MA,241,Calculus & Analytical Geom I,A,756
MA,140,College Algebra,C,757
MA,142,Trigonometry,C,757
MA,112,College Math for Aviation II,F,758
MA,241,Calculus & Analytical Geom I,C,759
MA,006,Intermediate Algebra,D,760
MA,241,Calculus & Analytical Geom I,B,761
MA,241,Calculus & Analytical Geom I,B,762
MA,006,Intermediate Algebra,C,763
MA,006,Intermediate Algebra,C,764
MA,242,Calculus & Analytical Geom II,B,765
MA,241,Calculus & Analytical Geom I,B,766
MA,241,Calculus & Analytical Geom I,D,767
MA,111,College Math for Aviation I,C,768
MA,006,Intermediate Algebra,D,769
MA,006,Intermediate Algebra,D,770
MA,242,Calculus & Analytical Geom II,B,771
MA,006,Intermediate Algebra,C,773
MA,112,College Math for Aviation II,A,774
MA,112,College Math for Aviation II,B,775
MA,140,College Algebra,A,776
MA,142,Trigonometry,A,776
MA,111,College Math for Aviation I,F,777
MA,241,Calculus & Analytical Geom I,C,778
MA,241,Calculus & Analytical Geom I,A,779
MA,006,Intermediate Algebra,B,780
MA,241,Calculus & Analytical Geom I,A,781
MA,120,Quantitative Methods I,B,782
MA,241,Calculus & Analytical Geom I,D,783
MA,112,College Math for Aviation II,C,784
MA,111,College Math for Aviation I,W,785
MA,241,Calculus & Analytical Geom I,A,786
MA,241,Calculus & Analytical Geom I,B,787
MA,241,Calculus & Analytical Geom I,F,789
MA,241,Calculus & Analytical Geom I,C,790
MA,241,Calculus & Analytical Geom I,A,791
MA,112,College Math for Aviation II,B,792
MA,006,Intermediate Algebra,F,793
MA,140,College Algebra,F,794
MA,142,Trigonometry,F,794
MA,111,College Math for Aviation I,F,795
MA,006,Intermediate Algebra,AU,796
MA,006,Intermediate Algebra,A,797
MA,140,College Algebra,D,798
MA,142,Trigonometry,C,798
MA,242,Calculus & Analytical Geom II,B,799
MA,241,Calculus & Analytical Geom I,D,800
MA,241,Calculus & Analytical Geom I,C,801
MA,111,College Math for Aviation I,C,803
MA,241,Calculus & Analytical Geom I,W,804
MA,140,College Algebra,C,805
MA,142,Trigonometry,C,805
MA,242,Calculus & Analytical Geom II,B,806
MA,006,Intermediate Algebra,C,807
MA,006,Intermediate Algebra,A,808
MA,241,Calculus & Analytical Geom I,D,809
MA,112,College Math for Aviation II,C,811
MA,140,College Algebra,AU,812
MA,142,Trigonometry,C,812
MA,006,Intermediate Algebra,F,813
MA,112,College Math for Aviation II,C,814
MA,006,Intermediate Algebra,C,816
MA,241,Calculus & Analytical Geom I,C,818
MA,006,Intermediate Algebra,B,819
MA,140,College Algebra,A,820
MA,142,Trigonometry,A,820
MA,111,College Math for Aviation I,B,821
MA,140,College Algebra,C,823
MA,006,Intermediate Algebra,B,824
MA,006,Intermediate Algebra,B,826
MA,111,College Math for Aviation I,C,827
MA,111,College Math for Aviation I,C,828
MA,111,College Math for Aviation I,C,829
MA,112,College Math for Aviation II,A,830
MA,241,Calculus & Analytical Geom I,AU,831
MA,111,College Math for Aviation I,F,832
MA,140,College Algebra,C,833
MA,142,Trigonometry,B,833
MA,242,Calculus & Analytical Geom II,B,834
MA,241,Calculus & Analytical Geom I,F,835
MA,111,College Math for Aviation I,C,836
MA,241,Calculus & Analytical Geom I,C,837
MA,242,Calculus & Analytical Geom II,D,839
MA,111,College Math for Aviation I,F,841
MA,006,Intermediate Algebra,F,842
MA,112,College Math for Aviation II,B,843
MA,111,College Math for Aviation I,B,845
MA,112,College Math for Aviation II,A,846
MA,241,Calculus & Analytical Geom I,AU,847
MA,006,Intermediate Algebra,C,848
MA,222,Business Statistics,A,849
MA,112,College Math for Aviation II,B,850
MA,241,Calculus & Analytical Geom I, ,851
MA,120,Quantitative Methods I,B,852
MA,241,Calculus & Analytical Geom I, ,853
MA,006,Intermediate Algebra,B,854
MA,241,Calculus & Analytical Geom I,F,855
MA,006,Intermediate Algebra,A,856
MA,241,Calculus & Analytical Geom I,F,857
MA,112,College Math for Aviation II,A,858
MA,241,Calculus & Analytical Geom I,A,859
MA,241,Calculus & Analytical Geom I,A,860
MA,006,Intermediate Algebra,D,861
MA,112,College Math for Aviation II,A,862
MA,112,College Math for Aviation II,A,863
MA,241,Calculus & Analytical Geom I,B,865
MA,111,College Math for Aviation I,D,867
MA,006,Intermediate Algebra,A,868
MA,241,Calculus & Analytical Geom I,D,869
MA,241,Calculus & Analytical Geom I,A,870
MA,006,Intermediate Algebra,B,871
MA,241,Calculus & Analytical Geom I,D,872
MA,006,Intermediate Algebra,B,873
MA,241,Calculus & Analytical Geom I,C,874
MA,243,Calculus & Analytical Geom III,A,875
MA,112,College Math for Aviation II,B,876
MA,120,Quantitative Methods I,B,877
MA,241,Calculus & Analytical Geom I,D,878
MA,241,Calculus & Analytical Geom I,B,879
MA,112,College Math for Aviation II,C,880
MA,111,College Math for Aviation I,D,882
MA,241,Calculus & Analytical Geom I,B,883
MA,241,Calculus & Analytical Geom I,D,884
MA,140,College Algebra,B,885
MA,142,Trigonometry,A,885
MA,241,Calculus & Analytical Geom I,F,887
MA,241,Calculus & Analytical Geom I,D,889
MA,006,Intermediate Algebra,D,890
MA,241,Calculus & Analytical Geom I,C,891
MA,112,College Math for Aviation II,B,892
MA,243,Calculus & Analytical Geom III,A,893
MA,242,Calculus & Analytical Geom II,B,894
MA,140,College Algebra,B,895
MA,142,Trigonometry,B,895
MA,241,Calculus & Analytical Geom I,A,896
MA,111,College Math for Aviation I,F,897
MA,006,Intermediate Algebra,D,898
MA,006,Intermediate Algebra,F,899
MA,111,College Math for Aviation I,C,900
MA,112,College Math for Aviation II,A,901
MA,241,Calculus & Analytical Geom I,B,902
MA,111,College Math for Aviation I,C,903
MA,112,College Math for Aviation II, ,904
MA,242,Calculus & Analytical Geom II,F,905
MA,006,Intermediate Algebra,C,906
MA,140,College Algebra,A,907
MA,142,Trigonometry,B,907
MA,006,Intermediate Algebra,C,911
MA,112,College Math for Aviation II,D,912
MA,241,Calculus & Analytical Geom I,C,913
MA,006,Intermediate Algebra,C,915
MA,006,Intermediate Algebra,A,916
MA,241,Calculus & Analytical Geom I,D,917
MA,241,Calculus & Analytical Geom I,B,918
MA,006,Intermediate Algebra,F,920
MA,006,Intermediate Algebra,C,921
MA,242,Calculus & Analytical Geom II,A,922
MA,112,College Math for Aviation II,AU,923
MA,241,Calculus & Analytical Geom I,A,924
MA,241,Calculus & Analytical Geom I,D,925
MA,241,Calculus & Analytical Geom I,F,926
MA,112,College Math for Aviation II,B,927
MA,120,Quantitative Methods I,A,928
MA,120,Quantitative Methods I,F,929
MA,006,Intermediate Algebra,AU,934
MA,140,College Algebra,F,935
MA,142,Trigonometry,D,935
MA,242,Calculus & Analytical Geom II,B,936
MA,241,Calculus & Analytical Geom I,C,937
MA,142,Trigonometry,C,938
MA,241,Calculus & Analytical Geom I,F,938
MA,241,Calculus & Analytical Geom I,D,939
MA,243,Calculus & Analytical Geom III,C,940
MA,006,Intermediate Algebra,C,941
MA,006,Intermediate Algebra,C,942
MA,006,Intermediate Algebra, ,943
MA,111,College Math for Aviation I,B,944
MA,111,College Math for Aviation I,D,945
MA,120,Quantitative Methods I,D,946
MA,006,Intermediate Algebra,B,947
MA,241,Calculus & Analytical Geom I,A,949
MA,006,Intermediate Algebra,C,950
MA,006,Intermediate Algebra,W,951
MA,006,Intermediate Algebra,C,952
MA,006,Intermediate Algebra,B,955
MA,241,Calculus & Analytical Geom I,B,956
MA,006,Intermediate Algebra,B,957
MA,006,Intermediate Algebra,F,958
MA,006,Intermediate Algebra,F,959
MA,241,Calculus & Analytical Geom I,B,960
MA,241,Calculus & Analytical Geom I,B,961
MA,006,Intermediate Algebra,F,963
MA,006,Intermediate Algebra,F,964
MA,111,College Math for Aviation I,A,966
MA,111,College Math for Aviation I,F,968
MA,006,Intermediate Algebra,W,969
MA,111,College Math for Aviation I,W,970
MA,111,College Math for Aviation I,B,971
MA,140,College Algebra,F,972
MA,142,Trigonometry,C,972
